Employee ID,Vismap ID,Name,Email,Department,Position,Level,Manager,Manager ID,Report To,Photo URL,Gender,City,Marital Status,Education,Critical Position,Years In Company,Years In Role,Last Promotion Date,Skills (comma separated),Certifications (comma separated),Personality (DISC),Leadership Type,Score,Readiness,IQ,Capability,Commitment,Contribution,Performance,[CAPABILITY] Analytical Thinking,[CAPABILITY] Collaboration,[CAPABILITY] Decision Making,[CAPABILITY] Developing Others,[CAPABILITY] Influencing,[CAPABILITY] Integrity,[CAPABILITY] Leadership,[CAPABILITY] Planning,[CAPABILITY] Relationship Building,[CAPABILITY] Strategic Thinking,[CAPABILITY] Competency Match,[Engagement] Score,[Performance] Score,[Potensi] Score
1,1,Fira Utomo,firuto@mail.com,Executive,CEO,,,,,https://u5zawtn8fc2eywx0.public.blob.vercel-storage.com/perempuan/perempuan_019.png,Perempuan,Jakarta,Belum Menikah,S2,Yes,,,,,,,,98,,116,,,,,,,,,,,,,,,,,,
2,2,Bintang Zulkarnain,binzul@mail.com,Product,Chief Product Officer,CEO,CEO,1,Fira Utomo (CEO),https://u5zawtn8fc2eywx0.public.blob.vercel-storage.com/laki/laki_005.png,Laki-laki,Semarang,Belum Menikah,S2,No,,,,,,,,96,,124,,,,,,,,,,,,,,,,,,
3,3,Ezra Rahayu,ezrrah@mail.com,Technology,Chief Technology Officer,CEO,CEO,1,Fira Utomo (CEO),https://u5zawtn8fc2eywx0.public.blob.vercel-storage.com/laki/laki_036.png,Laki-laki,Makassar,Menikah,S2,No,,,,,,,,95,,107,,,,,,,,,,,,,,,,,,
4,4,Pipit Habibi,piphab@mail.com,Marketing,Chief Marketing Officer,CEO,CEO,1,Fira Utomo (CEO),https://u5zawtn8fc2eywx0.public.blob.vercel-storage.com/perempuan/perempuan_010.png,Perempuan,Makassar,Menikah,S2,No,,,,,,,,94,,115,,,,,,,,,,,,,,,,,,
5,5,Kartika Rizky,karriz@mail.com,People,Chief People Officer,CEO,CEO,1,Fira Utomo (CEO),https://u5zawtn8fc2eywx0.public.blob.vercel-storage.com/perempuan/perempuan_014.png,Perempuan,Yogyakarta,Belum Menikah,S2,Yes,,,,,,,,93,,122,,,,,,,,,,,,,,,,,,
6,6,Syifa Fauzan,syifau@mail.com,Product,Product Manager Lead,Chief Product Officer,Chief Product Officer,2,Bintang Zulkarnain (Chief Product Officer),https://u5zawtn8fc2eywx0.public.blob.vercel-storage.com/perempuan/perempuan_006.png,Perempuan,Jakarta,Menikah,S1,Yes,,,,,,,,78,81,123,88,77,77,77,5,4,5,4,4,5,4,5,4,4,76,77,77,79
7,7,Bella Wicaksono,belwic@mail.com,Product,Product Designer Lead,Chief Product Officer,Chief Product Officer,2,Bintang Zulkarnain (Chief Product Officer),https://u5zawtn8fc2eywx0.public.blob.vercel-storage.com/perempuan/perempuan_031.png,Perempuan,Solo,Menikah,S2,No,,,,,,,,71,78,117,86,70,77,77,5,4,4,3,4,5,4,4,5,5,60,70,77,65
8,8,Ferry Gultom,fergul@mail.com,Product,Research Lead,Chief Product Officer,Chief Product Officer,2,Bintang Zulkarnain (Chief Product Officer),https://u5zawtn8fc2eywx0.public.blob.vercel-storage.com/laki/laki_011.png,Laki-laki,Denpasar,Menikah,S2,Yes,,,,,,,,82,77,117,72,62,97,97,5,4,4,2,3,4,4,4,3,3,62,62,97,87
9,9,Kartika Koswara,karkos@mail.com,Technology,Frontend Lead,Chief Technology Officer,Chief Technology Officer,3,Ezra Rahayu (Chief Technology Officer),https://u5zawtn8fc2eywx0.public.blob.vercel-storage.com/perempuan/perempuan_004.png,Perempuan,Semarang,Belum Menikah,S1,No,,,,,,,,81,76,110,72,84,71,71,4,4,3,4,3,5,4,3,2,4,66,84,71,87
10,10,Maudy Bangun,mauban@mail.com,Technology,Backend Lead,Chief Technology Officer,Chief Technology Officer,3,Ezra Rahayu (Chief Technology Officer),https://u5zawtn8fc2eywx0.public.blob.vercel-storage.com/perempuan/perempuan_017.png,Perempuan,Palembang,Menikah,S1,No,,,,,,,,63,77,127,82,74,75,75,5,5,5,3,4,5,3,4,2,5,61,74,75,40
11,11,Qorina Indrayana,qorind@mail.com,Technology,QA Lead,Chief Technology Officer,Chief Technology Officer,3,Ezra Rahayu (Chief Technology Officer),https://u5zawtn8fc2eywx0.public.blob.vercel-storage.com/perempuan/perempuan_002.png,Perempuan,Yogyakarta,Menikah,S1,No,,,,,,,,73,79,125,74,82,81,81,4,5,5,3,3,5,4,3,3,2,60,82,81,56
12,12,Ilyas Dirgantara,ilydir@mail.com,Marketing,Sales Lead,Chief Marketing Officer,Chief Marketing Officer,4,Pipit Habibi (Chief Marketing Officer),https://u5zawtn8fc2eywx0.public.blob.vercel-storage.com/laki/laki_001.png,Laki-laki,Palembang,Menikah,S1,No,,,,,,,,92,90,129,78,96,96,96,3,4,4,4,5,5,3,4,4,3,72,96,96,84
13,13,Hamid Basuki,hambas@mail.com,Marketing,Digital Marketing Lead,Chief Marketing Officer,Chief Marketing Officer,4,Pipit Habibi (Chief Marketing Officer),https://u5zawtn8fc2eywx0.public.blob.vercel-storage.com/laki/laki_046.png,Laki-laki,Malang,Belum Menikah,S2,No,,,,,,,,75,80,106,88,71,80,80,4,4,4,3,5,5,4,5,5,5,76,71,80,74
14,14,Herlin Kurniawan,herkur@mail.com,Marketing,Partnership Lead,Chief Marketing Officer,Chief Marketing Officer,4,Pipit Habibi (Chief Marketing Officer),https://u5zawtn8fc2eywx0.public.blob.vercel-storage.com/perempuan/perempuan_022.png,Perempuan,Bogor,Belum Menikah,S2,No,,,,,,,,93,91,128,80,97,97,97,2,4,4,4,5,5,4,4,5,3,60,97,97,85
15,15,Alya Latuconsina,alylat@mail.com,People,HR Operations Lead,Chief People Officer,Chief People Officer,5,Kartika Rizky (Chief People Officer),https://u5zawtn8fc2eywx0.public.blob.vercel-storage.com/perempuan/perempuan_005.png,Perempuan,Depok,Belum Menikah,S1,Yes,,,,,,,,88,87,114,90,84,86,86,5,5,5,4,5,5,5,3,5,3,64,84,86,95
16,16,Wahyu Habibi,wahhab@mail.com,People,Recruitment Lead,Chief People Officer,Chief People Officer,5,Kartika Rizky (Chief People Officer),https://u5zawtn8fc2eywx0.public.blob.vercel-storage.com/laki/laki_048.png,Laki-laki,Tangerang,Menikah,S1,No,,,,,,,,86,88,115,86,81,97,97,4,5,4,4,5,5,5,2,5,4,78,81,97,80
17,17,Ivan Hutagalung,ivahut@mail.com,People,People Development Lead,Chief People Officer,Chief People Officer,5,Kartika Rizky (Chief People Officer),https://u5zawtn8fc2eywx0.public.blob.vercel-storage.com/laki/laki_067.png,Laki-laki,Jakarta,Menikah,S1,No,,,,,,,,62,73,115,76,69,74,74,3,4,4,4,4,5,3,4,4,3,60,69,74,42
18,18,Miko Nugraha,miknug@mail.com,Product,Product Manager,Product Designer Lead,Product Designer Lead,7,Bella Wicaksono (Product Designer Lead),https://u5zawtn8fc2eywx0.public.blob.vercel-storage.com/laki/laki_054.png,Laki-laki,Depok,Menikah,S1,No,,,,,,,,84,81,117,76,83,85,85,5,4,3,3,3,5,3,5,4,3,68,83,85,83
19,19,Indah Wahyudi,indwah@mail.com,Product,Product Manager,Product Manager Lead,Product Manager Lead,6,Syifa Fauzan (Product Manager Lead),https://u5zawtn8fc2eywx0.public.blob.vercel-storage.com/perempuan/perempuan_028.png,Perempuan,Semarang,Belum Menikah,SMA,No,,,,,,,,71,74,124,74,67,82,82,4,3,4,3,3,5,4,4,3,4,66,67,82,65
20,20,Nita Haryono,nithar@mail.com,Product,Product Manager,Research Lead,Research Lead,8,Ferry Gultom (Research Lead),https://u5zawtn8fc2eywx0.public.blob.vercel-storage.com/perempuan/perempuan_030.png,Perempuan,Palembang,Menikah,S1,No,,,,,,,,70,55,117,42,70,53,53,3,2,3,1,2,3,1,2,3,1,60,70,53,88
21,21,Dimas Koswara,dimkos@mail.com,Product,Product Designer,Product Designer Lead,Product Designer Lead,7,Bella Wicaksono (Product Designer Lead),https://u5zawtn8fc2eywx0.public.blob.vercel-storage.com/laki/laki_051.png,Laki-laki,Semarang,Menikah,S1,No,,,,,,,,60,49,109,42,51,55,55,2,4,3,1,3,2,1,1,1,3,60,51,55,75
22,22,Vivi Gunawan,vivgun@mail.com,Product,Product Designer,Research Lead,Research Lead,8,Ferry Gultom (Research Lead),https://u5zawtn8fc2eywx0.public.blob.vercel-storage.com/perempuan/perempuan_034.png,Perempuan,Makassar,Menikah,S1,No,,,,,,,,78,69,117,56,71,81,81,4,3,2,1,3,3,2,2,4,4,60,71,81,83
23,23,Bayu Saputra,baysap@mail.com,Product,Product Designer,Research Lead,Research Lead,8,Ferry Gultom (Research Lead),https://u5zawtn8fc2eywx0.public.blob.vercel-storage.com/laki/laki_029.png,Laki-laki,Bandung,Menikah,S1,No,,,,,,,,86,78,119,66,72,95,95,5,3,2,2,4,4,2,3,4,4,60,72,95,91
24,24,Valent Nasution,valnas@mail.com,Product,UX Researcher,Product Designer Lead,Product Designer Lead,7,Bella Wicaksono (Product Designer Lead),https://u5zawtn8fc2eywx0.public.blob.vercel-storage.com/laki/laki_069.png,Laki-laki,Palembang,Belum Menikah,SMA,No,,,,,,,,79,68,130,56,77,72,72,5,3,3,1,2,3,2,3,3,3,60,77,72,88
25,25,Widya Adiputra,widadi@mail.com,Technology,Frontend Developer,Backend Lead,Backend Lead,10,Maudy Bangun (Backend Lead),https://u5zawtn8fc2eywx0.public.blob.vercel-storage.com/perempuan/perempuan_033.png,Perempuan,Makassar,Menikah,S1,No,,,,,,,,60,47,123,36,55,51,51,3,2,1,1,1,4,1,2,2,1,60,55,51,73
26,26,Yasmin Haryono,yashar@mail.com,Technology,Frontend Developer,QA Lead,QA Lead,11,Qorina Indrayana (QA Lead),https://u5zawtn8fc2eywx0.public.blob.vercel-storage.com/perempuan/perempuan_020.png,Perempuan,Tangerang,Menikah,S1,No,,,,,,,,67,67,121,52,76,73,73,4,2,3,1,1,4,2,4,3,2,60,76,73,53
27,27,Umi Rachman,umirac@mail.com,Technology,Frontend Developer,Backend Lead,Backend Lead,10,Maudy Bangun (Backend Lead),https://u5zawtn8fc2eywx0.public.blob.vercel-storage.com/perempuan/perempuan_003.png,Perempuan,Solo,Belum Menikah,SMA,No,,,,,,,,64,51,110,34,64,55,55,2,2,2,2,1,3,1,2,1,1,60,64,55,72
28,28,Fira Dirgantara,firdir@mail.com,Technology,Backend Developer,Frontend Lead,Frontend Lead,9,Kartika Koswara (Frontend Lead),https://u5zawtn8fc2eywx0.public.blob.vercel-storage.com/perempuan/perempuan_011.png,Perempuan,Jakarta,Belum Menikah,S1,No,,,,,,,,77,62,114,38,87,62,62,4,2,2,1,2,2,1,1,2,2,60,87,62,82
29,29,Wisnu Wibowo,wiswib@mail.com,Technology,Backend Developer,Frontend Lead,Frontend Lead,9,Kartika Koswara (Frontend Lead),https://u5zawtn8fc2eywx0.public.blob.vercel-storage.com/laki/laki_075.png,Laki-laki,Denpasar,Belum Menikah,S1,No,,,,,,,,73,61,124,36,78,69,69,4,2,2,1,1,3,1,2,1,1,60,78,69,73
30,30,Yoga Simanjuntak,yogsim@mail.com,Technology,Backend Developer,Frontend Lead,Frontend Lead,9,Kartika Koswara (Frontend Lead),https://u5zawtn8fc2eywx0.public.blob.vercel-storage.com/laki/laki_019.png,Laki-laki,Denpasar,Belum Menikah,S1,No,,,,,,,,87,76,126,54,85,88,88,3,3,3,2,2,4,2,4,2,2,60,85,88,89
31,31,Sigit Prasetyo,sigpra@mail.com,Technology,QA Engineer,Frontend Lead,Frontend Lead,9,Kartika Koswara (Frontend Lead),https://u5zawtn8fc2eywx0.public.blob.vercel-storage.com/laki/laki_013.png,Laki-laki,Makassar,Menikah,S1,No,,,,,,,,84,74,111,50,95,78,78,3,4,2,2,3,3,3,2,1,2,60,95,78,79
32,32,Citra Saputra,citsap@mail.com,Technology,QA Engineer,QA Lead,QA Lead,11,Qorina Indrayana (QA Lead),https://u5zawtn8fc2eywx0.public.blob.vercel-storage.com/perempuan/perempuan_008.png,Perempuan,Jakarta,Belum Menikah,S1,No,,,,,,,,55,48,112,32,48,63,63,2,2,3,1,1,2,1,2,1,1,60,48,63,54
33,33,Erlangga Butarbutar,erlbut@mail.com,Marketing,Sales Executive,Sales Lead,Sales Lead,12,Ilyas Dirgantara (Sales Lead),https://u5zawtn8fc2eywx0.public.blob.vercel-storage.com/laki/laki_059.png,Laki-laki,Makassar,Menikah,S1,No,,,,,,,,78,74,121,62,70,90,90,2,4,3,2,4,5,2,2,4,3,60,70,90,73
34,34,Ayu Suryadi,ayusur@mail.com,Marketing,Sales Executive,Digital Marketing Lead,Digital Marketing Lead,13,Hamid Basuki (Digital Marketing Lead),https://u5zawtn8fc2eywx0.public.blob.vercel-storage.com/perempuan/perempuan_012.png,Perempuan,Surabaya,Belum Menikah,S1,No,,,,,,,,82,80,128,68,72,99,99,3,4,3,2,5,5,3,2,5,2,60,72,99,76
35,35,Faisal Wahyudi,faiwah@mail.com,Marketing,Sales Executive,Partnership Lead,Partnership Lead,14,Herlin Kurniawan (Partnership Lead),https://u5zawtn8fc2eywx0.public.blob.vercel-storage.com/laki/laki_034.png,Laki-laki,Bandung,Belum Menikah,SMA,No,,,,,,,,79,69,130,50,91,66,66,2,3,2,2,3,4,2,2,3,2,60,91,66,80
36,36,Ulfa Irawan,ulfira@mail.com,Marketing,Sales Executive,Sales Lead,Sales Lead,12,Ilyas Dirgantara (Sales Lead),https://u5zawtn8fc2eywx0.public.blob.vercel-storage.com/perempuan/perempuan_023.png,Perempuan,Bekasi,Belum Menikah,S1,No,,,,,,,,84,76,122,62,76,91,91,3,4,4,3,4,5,1,1,4,2,60,76,91,85
37,37,Shinta Santoso,shisan@mail.com,Marketing,Sales Executive,Partnership Lead,Partnership Lead,14,Herlin Kurniawan (Partnership Lead),https://u5zawtn8fc2eywx0.public.blob.vercel-storage.com/perempuan/perempuan_029.png,Perempuan,Tangerang,Belum Menikah,S1,No,,,,,,,,74,66,120,56,70,72,72,2,4,3,2,3,4,2,3,4,1,60,70,72,81
38,38,Dina Basuki,dinbas@mail.com,Marketing,Sales Executive,Digital Marketing Lead,Digital Marketing Lead,13,Hamid Basuki (Digital Marketing Lead),https://u5zawtn8fc2eywx0.public.blob.vercel-storage.com/perempuan/perempuan_007.png,Perempuan,Solo,Menikah,SMA,No,,,,,,,,85,76,129,58,85,85,85,2,4,4,2,4,4,1,3,4,1,60,85,85,84
39,39,Joko Tanjung,joktan@mail.com,Marketing,Digital Marketing Specialist,Sales Lead,Sales Lead,12,Ilyas Dirgantara (Sales Lead),https://u5zawtn8fc2eywx0.public.blob.vercel-storage.com/laki/laki_010.png,Laki-laki,Palembang,Menikah,S1,No,,,,,,,,77,74,127,64,77,80,80,4,3,2,2,4,5,2,3,5,2,60,77,80,73
40,40,Wisnu Hidayat,wishid@mail.com,Marketing,Digital Marketing Specialist,Sales Lead,Sales Lead,12,Ilyas Dirgantara (Sales Lead),https://u5zawtn8fc2eywx0.public.blob.vercel-storage.com/laki/laki_006.png,Laki-laki,Bekasi,Menikah,S1,No,,,,,,,,86,74,117,52,99,72,72,2,4,2,1,4,3,2,2,4,2,60,99,72,87
41,41,Zidan Fauzan,zidfau@mail.com,Marketing,Digital Marketing Specialist,Sales Lead,Sales Lead,12,Ilyas Dirgantara (Sales Lead),https://u5zawtn8fc2eywx0.public.blob.vercel-storage.com/laki/laki_035.png,Laki-laki,Bandung,Belum Menikah,S1,No,,,,,,,,53,48,114,36,58,51,51,1,4,1,1,2,2,1,3,2,1,60,58,51,50
42,42,Kevin Junaidi,kevjun@mail.com,Marketing,Digital Marketing Specialist,Partnership Lead,Partnership Lead,14,Herlin Kurniawan (Partnership Lead),https://u5zawtn8fc2eywx0.public.blob.vercel-storage.com/laki/laki_023.png,Laki-laki,Solo,Belum Menikah,S1,No,,,,,,,,49,47,106,40,52,48,48,2,3,3,1,2,2,1,2,2,2,60,52,48,47
43,43,Tommy Zaenuri,tomzae@mail.com,Marketing,Partnership Executive,Digital Marketing Lead,Digital Marketing Lead,13,Hamid Basuki (Digital Marketing Lead),https://u5zawtn8fc2eywx0.public.blob.vercel-storage.com/laki/laki_031.png,Laki-laki,Surabaya,Menikah,S1,No,,,,,,,,70,61,115,38,83,63,63,1,2,2,1,2,3,1,2,4,1,60,83,63,63
44,44,Tari Susanto,tarsus@mail.com,Marketing,Partnership Executive,Sales Lead,Sales Lead,12,Ilyas Dirgantara (Sales Lead),https://u5zawtn8fc2eywx0.public.blob.vercel-storage.com/perempuan/perempuan_001.png,Perempuan,Tangerang,Menikah,SMA,No,,,,,,,,70,62,113,62,53,71,71,3,5,3,2,4,5,1,1,5,2,60,53,71,87
45,45,Udin Basuki,udibas@mail.com,People,HR Staff,HR Operations Lead,HR Operations Lead,15,Alya Latuconsina (HR Operations Lead),https://u5zawtn8fc2eywx0.public.blob.vercel-storage.com/laki/laki_041.png,Laki-laki,Surabaya,Menikah,SMA,No,,,,,,,,79,75,125,62,67,97,97,4,5,3,3,3,4,1,3,4,1,60,67,97,74
46,46,Dani Bangun,danban@mail.com,People,HR Staff,People Development Lead,People Development Lead,17,Ivan Hutagalung (People Development Lead),https://u5zawtn8fc2eywx0.public.blob.vercel-storage.com/laki/laki_040.png,Laki-laki,Bekasi,Belum Menikah,S1,No,,,,,,,,54,56,114,52,59,58,58,1,3,2,3,3,4,2,3,3,2,60,59,58,44
47,47,Zulfikar Tanjung,zultan@mail.com,People,HR Staff,Recruitment Lead,Recruitment Lead,16,Wahyu Habibi (Recruitment Lead),https://u5zawtn8fc2eywx0.public.blob.vercel-storage.com/laki/laki_017.png,Laki-laki,Bogor,Belum Menikah,S1,No,,,,,,,,63,62,112,56,63,66,66,4,4,3,4,3,4,1,2,2,1,60,63,66,60
48,48,Elina Firmansyah,elifir@mail.com,People,Recruiter,People Development Lead,People Development Lead,17,Ivan Hutagalung (People Development Lead),https://u5zawtn8fc2eywx0.public.blob.vercel-storage.com/perempuan/perempuan_027.png,Perempuan,Depok,Belum Menikah,S1,No,,,,,,,,73,72,114,60,76,80,80,3,4,4,1,4,5,3,2,3,1,60,76,80,62
49,49,Alif Wibowo,aliwib@mail.com,People,Recruiter,HR Operations Lead,HR Operations Lead,15,Alya Latuconsina (HR Operations Lead),https://u5zawtn8fc2eywx0.public.blob.vercel-storage.com/laki/laki_066.png,Laki-laki,Surabaya,Belum Menikah,S1,No,,,,,,,,70,67,120,62,73,67,67,2,4,4,2,5,5,1,2,3,3,60,73,67,71
50,50,Putri Valentino,putval@mail.com,Product,Associate Product Manager,Product Manager,Product Manager,18,Miko Nugraha (Product Manager),https://u5zawtn8fc2eywx0.public.blob.vercel-storage.com/perempuan/perempuan_032.png,Perempuan,Malang,Belum Menikah,SMA,No,,,,,,,,70,65,114,50,52,93,93,3,2,2,1,3,4,3,3,2,2,60,52,93,64
51,51,Taufik Fauzan,taufau@mail.com,Product,Associate Product Manager,Product Manager,Product Manager,19,Indah Wahyudi (Product Manager),https://u5zawtn8fc2eywx0.public.blob.vercel-storage.com/laki/laki_055.png,Laki-laki,Solo,Belum Menikah,SMA,No,,,,,,,,74,66,118,56,61,81,81,3,3,4,2,3,2,2,4,3,2,60,61,81,80
52,52,Ilham Lukito,ilhluk@mail.com,Product,Product Coordinator,Product Manager,Product Manager,19,Indah Wahyudi (Product Manager),https://u5zawtn8fc2eywx0.public.blob.vercel-storage.com/laki/laki_032.png,Laki-laki,Makassar,Belum Menikah,SMA,No,,,,,,,,48,42,123,26,54,46,46,1,2,1,2,1,1,2,1,1,1,60,54,46,45
53,53,Arman Natawijaya,armnat@mail.com,Product,Associate Product Manager,Product Manager,Product Manager,20,Nita Haryono (Product Manager),https://u5zawtn8fc2eywx0.public.blob.vercel-storage.com/laki/laki_008.png,Laki-laki,Jakarta,Belum Menikah,SMA,No,,,,,,,,58,48,126,40,54,49,49,3,1,3,2,1,3,2,3,1,1,60,54,49,71
54,54,Nabil Utama,nabuta@mail.com,Product,Product Coordinator,Product Manager,Product Manager,20,Nita Haryono (Product Manager),https://u5zawtn8fc2eywx0.public.blob.vercel-storage.com/laki/laki_063.png,Laki-laki,Surabaya,Belum Menikah,SMA,No,,,,,,,,66,60,100,44,66,70,70,3,3,3,1,2,2,1,3,2,2,60,66,70,63
55,55,Akbar Indrayana,akbind@mail.com,Product,Product Analyst,Product Manager,Product Manager,20,Nita Haryono (Product Manager),https://u5zawtn8fc2eywx0.public.blob.vercel-storage.com/laki/laki_045.png,Laki-laki,Tangerang,Belum Menikah,S1,No,,,,,,,,55,50,105,32,57,61,61,2,2,1,1,2,3,1,1,2,1,60,57,61,48
56,56,Yeni Budiman,yenbud@mail.com,Product,Junior Product Designer,Product Designer,Product Designer,21,Dimas Koswara (Product Designer),https://u5zawtn8fc2eywx0.public.blob.vercel-storage.com/perempuan/perempuan_009.png,Perempuan,Semarang,Belum Menikah,S1,No,,,,,,,,80,69,107,44,65,98,98,2,4,3,1,2,2,2,1,3,2,60,65,98,78
57,57,Satria Tanjung,sattan@mail.com,Product,Junior Product Designer,Product Designer,Product Designer,22,Vivi Gunawan (Product Designer),https://u5zawtn8fc2eywx0.public.blob.vercel-storage.com/laki/laki_074.png,Laki-laki,Malang,Belum Menikah,SMA,No,,,,,,,,63,49,111,32,66,49,49,1,3,1,2,2,1,2,1,2,1,60,66,49,73
58,58,Ilyas Yulianto,ilyyul@mail.com,Product,UI Designer,Product Designer,Product Designer,22,Vivi Gunawan (Product Designer),https://u5zawtn8fc2eywx0.public.blob.vercel-storage.com/laki/laki_050.png,Laki-laki,Solo,Belum Menikah,SMA,No,,,,,,,,90,78,116,56,98,81,81,3,4,2,2,3,3,3,3,3,2,60,98,81,90
59,59,Zaki Koswara,zakkos@mail.com,Product,Junior Product Designer,Product Designer,Product Designer,23,Bayu Saputra (Product Designer),https://u5zawtn8fc2eywx0.public.blob.vercel-storage.com/laki/laki_077.png,Laki-laki,Makassar,Belum Menikah,SMA,No,,,,,,,,72,69,119,46,85,75,75,2,3,2,3,2,3,2,1,3,2,60,85,75,55
60,60,Daffa Oetomo,dafoet@mail.com,Product,UI Designer,Product Designer,Product Designer,23,Bayu Saputra (Product Designer),https://u5zawtn8fc2eywx0.public.blob.vercel-storage.com/laki/laki_020.png,Laki-laki,Jakarta,Belum Menikah,SMA,No,,,,,,,,48,40,124,28,50,42,42,2,1,2,2,1,1,1,1,2,1,60,50,42,52
61,61,Jabir Darmawan,jabdar@mail.com,Product,Design Assistant,Product Designer,Product Designer,23,Bayu Saputra (Product Designer),https://u5zawtn8fc2eywx0.public.blob.vercel-storage.com/laki/laki_065.png,Laki-laki,Surabaya,Belum Menikah,SMA,No,,,,,,,,78,59,129,38,73,67,67,1,2,2,2,2,2,1,1,3,3,60,73,67,94
62,62,Icha Irawan,ichira@mail.com,Product,UX Research Associate,UX Researcher,UX Researcher,24,Valent Nasution (UX Researcher),https://u5zawtn8fc2eywx0.public.blob.vercel-storage.com/perempuan/perempuan_013.png,Perempuan,Tangerang,Belum Menikah,S1,No,,,,,,,,80,75,100,54,79,93,93,3,3,3,2,2,4,3,3,2,2,60,79,93,69
63,63,Ferry Wardana,ferwar@mail.com,Technology,Junior Frontend Developer,Frontend Developer,Frontend Developer,25,Widya Adiputra (Frontend Developer),https://u5zawtn8fc2eywx0.public.blob.vercel-storage.com/laki/laki_026.png,Laki-laki,Semarang,Belum Menikah,SMA,No,,,,,,,,81,71,104,54,73,85,85,4,3,2,3,3,2,3,3,1,3,60,73,85,84
64,64,Luthfi Situmorang,lutsit@mail.com,Technology,Frontend Engineer Associate,Frontend Developer,Frontend Developer,25,Widya Adiputra (Frontend Developer),https://u5zawtn8fc2eywx0.public.blob.vercel-storage.com/laki/laki_043.png,Laki-laki,Malang,Belum Menikah,SMA,No,,,,,,,,70,68,109,56,47,100,100,3,4,2,3,3,4,3,2,2,2,60,47,100,64
65,65,Taufik Rachman,taurac@mail.com,Technology,Junior Frontend Developer,Frontend Developer,Frontend Developer,26,Yasmin Haryono (Frontend Developer),https://u5zawtn8fc2eywx0.public.blob.vercel-storage.com/laki/laki_014.png,Laki-laki,Solo,Belum Menikah,SMA,No,,,,,,,,74,62,112,38,73,75,75,2,3,1,2,1,2,2,2,1,3,60,73,75,74
66,66,Wahyu Adiputra,wahadi@mail.com,Technology,Frontend Engineer Associate,Frontend Developer,Frontend Developer,26,Yasmin Haryono (Frontend Developer),https://u5zawtn8fc2eywx0.public.blob.vercel-storage.com/laki/laki_056.png,Laki-laki,Makassar,Belum Menikah,SMA,No,,,,,,,,90,77,117,50,84,98,98,3,3,2,1,3,4,2,2,3,2,60,84,98,89
67,67,Edwin Rahayu,edwrah@mail.com,Technology,Web Developer,Frontend Developer,Frontend Developer,26,Yasmin Haryono (Frontend Developer),https://u5zawtn8fc2eywx0.public.blob.vercel-storage.com/laki/laki_004.png,Laki-laki,Jakarta,Belum Menikah,SMA,No,,,,,,,,70,66,122,46,79,74,74,4,2,1,3,3,3,2,2,1,2,60,79,74,58
68,68,Bening Yulianto,benyul@mail.com,Technology,Junior Frontend Developer,Frontend Developer,Frontend Developer,27,Umi Rachman (Frontend Developer),https://u5zawtn8fc2eywx0.public.blob.vercel-storage.com/perempuan/perempuan_025.png,Perempuan,Surabaya,Belum Menikah,S1,No,,,,,,,,56,45,124,32,49,54,54,1,3,2,1,1,2,2,1,1,2,60,49,54,65
69,69,Wahyu Indrayana,wahind@mail.com,Technology,Junior Backend Developer,Backend Developer,Backend Developer,28,Fira Dirgantara (Backend Developer),https://u5zawtn8fc2eywx0.public.blob.vercel-storage.com/laki/laki_018.png,Laki-laki,Tangerang,Belum Menikah,SMA,No,,,,,,,,60,52,128,46,44,67,67,2,4,1,2,2,3,2,2,3,2,60,44,67,69
70,70,Haris Yanuar,haryan@mail.com,Technology,Backend Engineer Associate,Backend Developer,Backend Developer,28,Fira Dirgantara (Backend Developer),https://u5zawtn8fc2eywx0.public.blob.vercel-storage.com/laki/laki_039.png,Laki-laki,Semarang,Belum Menikah,S1,No,,,,,,,,71,64,102,48,77,66,66,3,3,2,3,1,4,1,2,3,2,60,77,66,69
71,71,Daffa Susanto,dafsus@mail.com,Technology,Junior Backend Developer,Backend Developer,Backend Developer,29,Wisnu Wibowo (Backend Developer),https://u5zawtn8fc2eywx0.public.blob.vercel-storage.com/laki/laki_009.png,Laki-laki,Malang,Belum Menikah,SMA,No,,,,,,,,66,64,105,40,73,79,79,2,2,2,2,2,3,2,1,2,2,60,73,79,47
72,72,Zidan Yanuar,zidyan@mail.com,Technology,Backend Engineer Associate,Backend Developer,Backend Developer,29,Wisnu Wibowo (Backend Developer),https://u5zawtn8fc2eywx0.public.blob.vercel-storage.com/laki/laki_062.png,Laki-laki,Solo,Belum Menikah,SMA,No,,,,,,,,52,41,110,28,42,53,53,2,1,1,1,1,1,2,1,2,2,60,42,53,62
73,73,Galih Gunawan,galgun@mail.com,Technology,API Developer,Backend Developer,Backend Developer,29,Wisnu Wibowo (Backend Developer),https://u5zawtn8fc2eywx0.public.blob.vercel-storage.com/laki/laki_007.png,Laki-laki,Makassar,Belum Menikah,S1,No,,,,,,,,53,45,115,28,57,50,50,3,1,1,1,2,1,1,1,2,1,60,57,50,53
74,74,Oriza Adiputra,oriadi@mail.com,Technology,Junior Backend Developer,Backend Developer,Backend Developer,30,Yoga Simanjuntak (Backend Developer),https://u5zawtn8fc2eywx0.public.blob.vercel-storage.com/perempuan/perempuan_026.png,Perempuan,Jakarta,Belum Menikah,SMA,No,,,,,,,,63,57,117,50,57,65,65,3,4,3,2,3,2,3,1,3,1,60,57,65,68
75,75,Haris Wijaya,harwij@mail.com,Technology,Junior QA Engineer,QA Engineer,QA Engineer,31,Sigit Prasetyo (QA Engineer),https://u5zawtn8fc2eywx0.public.blob.vercel-storage.com/laki/laki_037.png,Laki-laki,Surabaya,Belum Menikah,SMA,No,,,,,,,,83,68,121,42,85,77,77,2,3,2,2,2,2,1,2,3,2,60,85,77,87
76,76,Jefri Wicaksono,jefwic@mail.com,Technology,QA Tester,QA Engineer,QA Engineer,31,Sigit Prasetyo (QA Engineer),https://u5zawtn8fc2eywx0.public.blob.vercel-storage.com/laki/laki_071.png,Laki-laki,Tangerang,Belum Menikah,S1,No,,,,,,,,88,75,126,48,82,95,95,3,3,2,2,1,4,2,3,2,2,60,82,95,86
77,77,Kamal Lubis,kamlub@mail.com,Technology,Junior QA Engineer,QA Engineer,QA Engineer,32,Citra Saputra (QA Engineer),https://u5zawtn8fc2eywx0.public.blob.vercel-storage.com/laki/laki_057.png,Laki-laki,Semarang,Belum Menikah,SMA,No,,,,,,,,88,74,129,42,95,84,84,4,4,2,1,2,3,1,1,1,2,60,95,84,85
78,78,Ilham Iskandar,ilhisk@mail.com,Technology,QA Tester,QA Engineer,QA Engineer,32,Citra Saputra (QA Engineer),https://u5zawtn8fc2eywx0.public.blob.vercel-storage.com/laki/laki_047.png,Laki-laki,Malang,Belum Menikah,SMA,No,,,,,,,,91,77,103,48,85,98,98,2,3,2,3,3,3,3,1,2,2,60,85,98,90
79,79,Vicky Yanuar,vicyan@mail.com,Technology,Test Analyst,QA Engineer,QA Engineer,32,Citra Saputra (QA Engineer),https://u5zawtn8fc2eywx0.public.blob.vercel-storage.com/laki/laki_076.png,Laki-laki,Solo,Belum Menikah,SMA,No,,,,,,,,80,69,108,46,83,78,78,3,2,2,1,3,3,2,2,3,2,60,83,78,80
80,80,Tari Tanjung,tartan@mail.com,Marketing,Sales Representative,Sales Executive,Sales Executive,33,Erlangga Butarbutar (Sales Executive),https://u5zawtn8fc2eywx0.public.blob.vercel-storage.com/perempuan/perempuan_024.png,Perempuan,Makassar,Belum Menikah,SMA,No,,,,,,,,53,49,110,38,65,43,43,2,3,1,2,2,3,1,2,2,1,60,65,43,52
81,81,Muhammad Lubis,muhlub@mail.com,Marketing,Sales Representative,Sales Executive,Sales Executive,34,Ayu Suryadi (Sales Executive),https://u5zawtn8fc2eywx0.public.blob.vercel-storage.com/laki/laki_016.png,Laki-laki,Jakarta,Belum Menikah,SMA,No,,,,,,,,70,57,114,44,60,66,66,3,3,1,3,3,3,2,1,2,1,60,60,66,85
82,82,Zulfikar Lubis,zullub@mail.com,Marketing,Account Representative,Sales Executive,Sales Executive,34,Ayu Suryadi (Sales Executive),https://u5zawtn8fc2eywx0.public.blob.vercel-storage.com/laki/laki_028.png,Laki-laki,Surabaya,Belum Menikah,SMA,No,,,,,,,,89,77,119,50,99,82,82,2,4,1,3,2,3,1,3,4,2,60,99,82,87
83,83,Lukman Firmansyah,lukfir@mail.com,Marketing,Sales Representative,Sales Executive,Sales Executive,35,Faisal Wahyudi (Sales Executive),https://u5zawtn8fc2eywx0.public.blob.vercel-storage.com/laki/laki_042.png,Laki-laki,Tangerang,Belum Menikah,SMA,No,,,,,,,,62,58,122,48,62,65,65,2,3,1,3,3,4,2,1,3,2,60,62,65,60
84,84,Wahyu Sinaga,wahsin@mail.com,Marketing,Account Representative,Sales Executive,Sales Executive,35,Faisal Wahyudi (Sales Executive),https://u5zawtn8fc2eywx0.public.blob.vercel-storage.com/laki/laki_027.png,Laki-laki,Semarang,Belum Menikah,S1,No,,,,,,,,73,63,127,46,68,74,74,1,3,3,1,3,2,3,2,3,2,60,68,74,78
85,85,Harun Kuswoyo,harkus@mail.com,Marketing,Sales Support,Sales Executive,Sales Executive,35,Faisal Wahyudi (Sales Executive),https://u5zawtn8fc2eywx0.public.blob.vercel-storage.com/laki/laki_049.png,Laki-laki,Malang,Belum Menikah,SMA,No,,,,,,,,72,59,101,32,82,64,64,2,3,1,2,1,1,2,1,1,2,60,82,64,69
86,86,Alya Siregar,alysir@mail.com,Marketing,Sales Representative,Sales Executive,Sales Executive,36,Ulfa Irawan (Sales Executive),https://u5zawtn8fc2eywx0.public.blob.vercel-storage.com/perempuan/perempuan_035.png,Perempuan,Solo,Belum Menikah,SMA,No,,,,,,,,81,67,103,44,83,75,75,3,3,2,1,3,2,2,1,3,2,60,83,75,84
87,87,Endra Purnama,endpur@mail.com,Marketing,Sales Representative,Sales Executive,Sales Executive,37,Shinta Santoso (Sales Executive),https://u5zawtn8fc2eywx0.public.blob.vercel-storage.com/laki/laki_025.png,Laki-laki,Makassar,Belum Menikah,SMA,No,,,,,,,,69,60,107,34,76,69,69,2,2,1,1,2,3,2,1,2,1,60,76,69,62
88,88,Vinsen Susanto,vinsus@mail.com,Marketing,Account Representative,Sales Executive,Sales Executive,37,Shinta Santoso (Sales Executive),https://u5zawtn8fc2eywx0.public.blob.vercel-storage.com/laki/laki_044.png,Laki-laki,Jakarta,Belum Menikah,SMA,No,,,,,,,,78,68,112,52,68,85,85,1,2,3,3,3,3,2,3,4,2,60,68,85,80
89,89,Rangga Lestari,ranles@mail.com,Marketing,Sales Representative,Sales Executive,Sales Executive,38,Dina Basuki (Sales Executive),https://u5zawtn8fc2eywx0.public.blob.vercel-storage.com/laki/laki_070.png,Laki-laki,Surabaya,Belum Menikah,SMA,No,,,,,,,,68,61,115,46,62,74,74,2,4,2,1,2,3,2,2,3,2,60,62,74,68
90,90,Gilang Pardosi,gilpar@mail.com,Marketing,Account Representative,Sales Executive,Sales Executive,38,Dina Basuki (Sales Executive),https://u5zawtn8fc2eywx0.public.blob.vercel-storage.com/laki/laki_058.png,Laki-laki,Tangerang,Belum Menikah,SMA,No,,,,,,,,74,67,120,46,86,70,70,2,2,1,3,3,2,3,2,2,3,60,86,70,67
91,91,Brilian Efendi,briefe@mail.com,Marketing,Sales Support,Sales Executive,Sales Executive,38,Dina Basuki (Sales Executive),https://u5zawtn8fc2eywx0.public.blob.vercel-storage.com/laki/laki_012.png,Laki-laki,Semarang,Belum Menikah,SMA,No,,,,,,,,84,71,125,46,75,93,93,2,3,3,2,2,3,2,2,1,3,60,75,93,85
92,92,Gita Lumban Tobing,gitlum@mail.com,Marketing,Digital Marketing Associate,Digital Marketing Specialist,Digital Marketing Specialist,39,Joko Tanjung (Digital Marketing Specialist),https://u5zawtn8fc2eywx0.public.blob.vercel-storage.com/perempuan/perempuan_015.png,Perempuan,Malang,Belum Menikah,SMA,No,,,,,,,,41,37,127,32,40,40,40,2,1,1,1,3,3,1,1,2,1,60,40,40,43
93,93,Yoga Firmansyah,yogfir@mail.com,Marketing,Digital Marketing Associate,Digital Marketing Specialist,Digital Marketing Specialist,40,Wisnu Hidayat (Digital Marketing Specialist),https://u5zawtn8fc2eywx0.public.blob.vercel-storage.com/laki/laki_033.png,Laki-laki,Solo,Belum Menikah,S1,No,,,,,,,,61,53,100,32,72,55,55,1,2,1,1,3,1,2,1,3,1,60,72,55,56
94,94,Rizal Hidayat,rizhid@mail.com,Marketing,Content Marketing Associate,Digital Marketing Specialist,Digital Marketing Specialist,40,Wisnu Hidayat (Digital Marketing Specialist),https://u5zawtn8fc2eywx0.public.blob.vercel-storage.com/laki/laki_073.png,Laki-laki,Makassar,Belum Menikah,SMA,No,,,,,,,,63,62,105,46,70,69,69,2,4,1,3,4,2,2,1,2,2,60,70,69,49
95,95,Valent Darmawan,valdar@mail.com,Marketing,Digital Marketing Associate,Digital Marketing Specialist,Digital Marketing Specialist,41,Zidan Fauzan (Digital Marketing Specialist),https://u5zawtn8fc2eywx0.public.blob.vercel-storage.com/laki/laki_060.png,Laki-laki,Jakarta,Belum Menikah,SMA,No,,,,,,,,87,74,108,54,85,84,84,2,3,3,2,3,4,2,3,3,2,60,85,84,93
96,96,Agus Pramono,agupra@mail.com,Marketing,Content Marketing Associate,Digital Marketing Specialist,Digital Marketing Specialist,41,Zidan Fauzan (Digital Marketing Specialist),https://u5zawtn8fc2eywx0.public.blob.vercel-storage.com/laki/laki_064.png,Laki-laki,Surabaya,Belum Menikah,SMA,No,,,,,,,,58,43,113,38,50,40,40,2,2,1,1,2,3,2,2,2,2,60,50,40,85
97,97,Endra Hartono,endhar@mail.com,Marketing,Social Media Specialist,Digital Marketing Specialist,Digital Marketing Specialist,41,Zidan Fauzan (Digital Marketing Specialist),https://u5zawtn8fc2eywx0.public.blob.vercel-storage.com/laki/laki_068.png,Laki-laki,Tangerang,Belum Menikah,SMA,No,,,,,,,,86,73,118,50,86,84,84,2,3,3,1,4,3,3,2,3,1,60,86,84,87
98,98,Vivi Oetomo,vivoet@mail.com,Marketing,Digital Marketing Associate,Digital Marketing Specialist,Digital Marketing Specialist,42,Kevin Junaidi (Digital Marketing Specialist),https://u5zawtn8fc2eywx0.public.blob.vercel-storage.com/perempuan/perempuan_018.png,Perempuan,Semarang,Belum Menikah,S1,No,,,,,,,,84,70,120,48,81,80,80,3,3,2,3,3,4,1,2,2,1,60,81,80,90
99,99,Faisal Permana,faiper@mail.com,Marketing,Partnership Associate,Partnership Executive,Partnership Executive,43,Tommy Zaenuri (Partnership Executive),https://u5zawtn8fc2eywx0.public.blob.vercel-storage.com/laki/laki_038.png,Laki-laki,Malang,Belum Menikah,S1,No,,,,,,,,64,44,124,24,57,52,52,1,1,1,1,1,1,1,2,2,1,60,57,52,84
100,100,Heru Suryadi,hersur@mail.com,Marketing,Business Development Associate,Partnership Executive,Partnership Executive,43,Tommy Zaenuri (Partnership Executive),https://u5zawtn8fc2eywx0.public.blob.vercel-storage.com/laki/laki_030.png,Laki-laki,Solo,Belum Menikah,SMA,No,,,,,,,,71,65,129,46,77,73,73,1,4,1,2,3,3,2,1,3,3,60,77,73,62
101,101,Kevin Atmaja,kevatm@mail.com,Marketing,Partnership Associate,Partnership Executive,Partnership Executive,44,Tari Susanto (Partnership Executive),https://u5zawtn8fc2eywx0.public.blob.vercel-storage.com/laki/laki_002.png,Laki-laki,Makassar,Belum Menikah,SMA,No,,,,,,,,79,75,101,54,87,83,83,2,4,1,3,4,3,2,3,3,2,60,87,83,68
102,102,Wahyu Gultom,wahgul@mail.com,Marketing,Business Development Associate,Partnership Executive,Partnership Executive,44,Tari Susanto (Partnership Executive),https://u5zawtn8fc2eywx0.public.blob.vercel-storage.com/laki/laki_053.png,Laki-laki,Jakarta,Belum Menikah,S1,No,,,,,,,,58,59,106,42,68,66,66,1,3,2,2,2,4,2,2,2,1,60,68,66,40
103,103,Muhammad Budiman,muhbud@mail.com,Marketing,Partner Support,Partnership Executive,Partnership Executive,44,Tari Susanto (Partnership Executive),https://u5zawtn8fc2eywx0.public.blob.vercel-storage.com/laki/laki_022.png,Laki-laki,Surabaya,Belum Menikah,SMA,No,,,,,,,,59,61,111,50,64,68,68,2,2,3,3,3,3,2,2,3,2,60,64,68,45
104,104,Feby Wijaya,febwij@mail.com,People,HR Admin Assistant,HR Staff,HR Staff,45,Udin Basuki (HR Staff),https://u5zawtn8fc2eywx0.public.blob.vercel-storage.com/perempuan/perempuan_016.png,Perempuan,Tangerang,Belum Menikah,SMA,No,,,,,,,,75,68,113,44,63,96,96,3,3,2,1,1,2,3,1,3,3,60,63,96,67
105,105,Kamal Butarbutar,kambut@mail.com,People,HR Admin Assistant,HR Staff,HR Staff,46,Dani Bangun (HR Staff),https://u5zawtn8fc2eywx0.public.blob.vercel-storage.com/laki/laki_003.png,Laki-laki,Semarang,Belum Menikah,SMA,No,,,,,,,,70,59,117,36,63,78,78,2,3,1,2,2,3,1,1,2,1,60,63,78,70
106,106,Arman Rahayu,armrah@mail.com,People,People Operations Assistant,HR Staff,HR Staff,46,Dani Bangun (HR Staff),https://u5zawtn8fc2eywx0.public.blob.vercel-storage.com/laki/laki_024.png,Laki-laki,Malang,Belum Menikah,S1,No,,,,,,,,86,71,122,40,99,73,73,2,2,2,2,1,2,1,3,2,3,60,99,73,86
107,107,Omar Lestari,omales@mail.com,People,HR Admin Assistant,HR Staff,HR Staff,47,Zulfikar Tanjung (HR Staff),https://u5zawtn8fc2eywx0.public.blob.vercel-storage.com/laki/laki_021.png,Laki-laki,Solo,Belum Menikah,S1,No,,,,,,,,50,43,125,28,41,60,60,2,2,2,1,1,2,1,1,1,1,60,41,60,48
108,108,Chandra Efendi,chaefe@mail.com,People,People Operations Assistant,HR Staff,HR Staff,47,Zulfikar Tanjung (HR Staff),https://u5zawtn8fc2eywx0.public.blob.vercel-storage.com/laki/laki_061.png,Laki-laki,Makassar,Belum Menikah,SMA,No,,,,,,,,76,65,130,38,88,70,70,2,3,1,2,1,3,1,2,2,2,60,88,70,71
109,109,Alif Zubaidi,alizub@mail.com,People,HR Support,HR Staff,HR Staff,47,Zulfikar Tanjung (HR Staff),https://u5zawtn8fc2eywx0.public.blob.vercel-storage.com/laki/laki_072.png,Laki-laki,Jakarta,Belum Menikah,SMA,No,,,,,,,,50,43,104,30,58,41,41,1,3,1,1,1,3,1,1,1,2,60,58,41,52
110,110,Dina Kurniawan,dinkur@mail.com,People,Recruitment Associate,Recruiter,Recruiter,48,Elina Firmansyah (Recruiter),https://u5zawtn8fc2eywx0.public.blob.vercel-storage.com/perempuan/perempuan_021.png,Perempuan,Surabaya,Belum Menikah,S1,No,,,,,,,,64,59,106,48,61,69,69,1,4,2,3,3,3,2,2,3,1,60,61,69,63
111,111,Dimas Basuki,dimbas@mail.com,People,Recruitment Associate,Recruiter,Recruiter,49,Alif Wibowo (Recruiter),https://u5zawtn8fc2eywx0.public.blob.vercel-storage.com/laki/laki_015.png,Laki-laki,Tangerang,Belum Menikah,S1,No,,,,,,,,63,54,110,36,62,63,63,2,1,1,1,3,3,2,1,3,1,60,62,63,63
112,112,Tito Sasmita,titsas@mail.com,People,Talent Sourcing Associate,Recruiter,Recruiter,49,Alif Wibowo (Recruiter),https://u5zawtn8fc2eywx0.public.blob.vercel-storage.com/laki/laki_052.png,Laki-laki,Semarang,Belum Menikah,SMA,No,,,,,,,,89,70,115,38,96,77,77,2,4,1,2,2,3,1,1,2,1,60,96,77,94