Employee ID,Successor For Employee ID,Shown in TDP,Name,Email,Department,Position,Level,Manager,Manager ID,Report To,Photo URL,Gender,City,Marital Status,Education,Critical Position,Years In Company,Years In Role,Last Promotion Date,Skills (comma separated),Certifications (comma separated),Personality (DISC),Leadership Type,Score,Readiness,IQ,Capability,[CAPABILITY] Adaptability,[CAPABILITY] Building Customer Loyalty,[CAPABILITY] Building Positive Working Relationships,[CAPABILITY] Coaching,[CAPABILITY] Continuous Improvement,[CAPABILITY] Drive For Result,[CAPABILITY] Leading Teams,[CAPABILITY] Planning and Organizing,[Engagement] Score,[Performance] Score,[Potensi] Score,Referance ID
1,,TRUE,Fira Utomo,firuto@mail.com,Operation Area 1,Operation Area 1,L0,,,, ,Perempuan,Jakarta,Belum Menikah,S2,Yes,,,,,,,,98,,116,,3.3,4.1,4.6,4,4,4.6,4,3.7,,4.28,96.34,1c984723-cf53-4225-8ef1-9e6e393509d3
2,,TRUE,Bintang Zulkarnain,binzul@mail.com,Operation Area 2,Operation Area 2,L0,,,,https://u5zawtn8fc2eywx0.public.blob.vercel-storage.com/laki/Frame%2040.png,Laki-laki,Semarang,Belum Menikah,S2,No,,,,,,,,96,,124,,4.7,3,4.3,4.6,3.5,4.2,4.6,3,,03.05,98.41,11692933-7519-472d-8f86-965101a6303b
3,,TRUE,Ezra Rahayu,ezrrah@mail.com,Heavy Equipment & Infrastructure - GUN,Heavy Equipment & Infrastructure - GUN,L0,,,,https://u5zawtn8fc2eywx0.public.blob.vercel-storage.com/laki/Frame%2035.png,Laki-laki,Makassar,Menikah,S2,No,,,,,,,,95,,107,,4.4,3.6,4.5,3.8,4.7,3.7,4,4.5,,3.55,72.57,c7d012d1-98de-4e91-a9e1-894016557f42
4,,TRUE,Pipit Habibi,piphab@mail.com,HC & Operation Support,HC & Operation Support,L0,,,,https://u5zawtn8fc2eywx0.public.blob.vercel-storage.com/perempuan/perempuan_002-12.png,Perempuan,Makassar,Menikah,S2,No,,,,,,,,94,,115,,4.2,3.9,4.9,3.1,5,4.3,3.2,3.4,,3.45,84.58,64dbfe1e-addb-4d8b-932b-0628d173cdd0
5,,TRUE,Kartika Rizky,karriz@mail.com,CSR & Legal,CSR & Legal,L0,,,,https://u5zawtn8fc2eywx0.public.blob.vercel-storage.com/perempuan/perempuan_002-14.png,Perempuan,Yogyakarta,Belum Menikah,S2,Yes,,,,,,,,93,,122,,5,4.2,3.4,4.3,3.5,4.2,4,3.8,,4.47,72.08,73e3fdf2-03c8-43fc-b7db-20765e3fa478
6,1,TRUE,Syifa Fauzan,syifau@mail.com,Operation Kaltim 1,Operation Kaltim 1,L1,Fira Utomo,1,Operation Area 1,https://u5zawtn8fc2eywx0.public.blob.vercel-storage.com/perempuan/perempuan_002-13.png,Perempuan,Jakarta,Menikah,S1,Yes,,,,,,,,78,81,123,88,4.3,4.3,3,3.1,4.1,4.4,4.9,4.4,77,4.35,92.82,83771110-dd8a-49c4-b0b7-e0b8710da374
7,1,TRUE,Bella Wicaksono,belwic@mail.com,Operation Kaltim 2,Operation Kaltim 2,L1,Fira Utomo,1,Operation Area 1,https://u5zawtn8fc2eywx0.public.blob.vercel-storage.com/perempuan/perempuan_002-10.png,Perempuan,Solo,Menikah,S2,No,,,,,,,,71,78,117,86,3,3.9,3.3,3.3,3.8,4.4,3.1,4,70,4.78,92.98,1d304d97-5913-485f-bc13-987ab0170363
8,1,TRUE,Ferry Gultom,fergul@mail.com,Operation Kaltim 3,Operation Kaltim 3,L1,Fira Utomo,1,Operation Area 1,https://u5zawtn8fc2eywx0.public.blob.vercel-storage.com/laki/Frame%2078.png,Laki-laki,Denpasar,Menikah,S2,Yes,,,,,,,,82,77,117,72,4.6,3.9,3.3,4.1,4.8,4.3,4.6,4.7,62,3.17,73.85,1db4b41e-2083-4495-89c6-d110179ea5ed
9,2,TRUE,Kartika Koswara,karkos@mail.com,Operation Kalbar 1,Operation Kalbar 1,L1,Bintang Zulkarnain,2,Operation Area 2,https://u5zawtn8fc2eywx0.public.blob.vercel-storage.com/perempuan/perempuan_002-3.png,Perempuan,Semarang,Belum Menikah,S1,No,,,,,,,,81,76,110,72,3.6,3.4,4.3,3.6,4,4.7,4.7,4.6,84,3.84,84.26,3b621b51-8cac-48e9-93a0-779220ec9a60
10,2,TRUE,Maudy Bangun,mauban@mail.com,Operation Kalbar 2,Operation Kalbar 2,L1,Bintang Zulkarnain,2,Operation Area 2,https://u5zawtn8fc2eywx0.public.blob.vercel-storage.com/perempuan/perempuan_002-15.png,Perempuan,Palembang,Menikah,S1,No,,,,,,,,63,77,127,82,4.3,3.9,4.1,5,4.8,4.3,4,3.1,74,03.06,86.49,d110b619-b51c-46d1-95c4-b8fb4f7f3d04
11,4,TRUE,Qorina Indrayana,qorind@mail.com,Human Capital,Human Capital,L1,Pipit Habibi,4,HC & Operation Support,https://u5zawtn8fc2eywx0.public.blob.vercel-storage.com/perempuan/perempuan_002.png,Perempuan,Yogyakarta,Menikah,S1,No,,,,,,,,73,79,125,74,4.9,4.8,3.4,3.2,4.7,4.8,3.9,4.7,82,3.44,77.95,73b31082-c08f-4299-9f31-7225858cff63
12,6,TRUE,Ilyas Dirgantara,ilydir@mail.com,Plantation - SWA,Plantation - SWA,L2,Syifa Fauzan,6,Operation Kaltim 1,https://u5zawtn8fc2eywx0.public.blob.vercel-storage.com/laki/Frame%2025.png,Laki-laki,Palembang,Menikah,S1,No,,,,,,,,92,90,129,78,3.3,4.6,4.4,4.5,3.6,4.3,4.9,3.1,96,04.01,96.17,ac31f38f-926b-4d79-ab48-1e2882af4b01
13,6,TRUE,Hamid Basuki,hambas@mail.com,Plantation - DAN,Plantation - DAN,L2,Syifa Fauzan,6,Operation Kaltim 1,https://u5zawtn8fc2eywx0.public.blob.vercel-storage.com/laki/Frame%2070.png,Laki-laki,Malang,Belum Menikah,S2,No,,,,,,,,75,80,106,88,3.2,3.3,4.5,4.2,4.6,3.6,3.1,3,71,03.05,82.69,542b56d2-73b1-4581-ae7d-aa4e2b051255
14,7,TRUE,Herlin Kurniawan,herkur@mail.com,Plantation - DIN,Plantation - DIN,L2,Bella Wicaksono,7,Operation Kaltim 2,https://u5zawtn8fc2eywx0.public.blob.vercel-storage.com/perempuan/perempuan_004.png,Perempuan,Bogor,Belum Menikah,S2,No,,,,,,,,93,91,128,80,3.2,3.2,3.3,4.6,3.8,3.9,4,4.8,97,3.4,76.35,643c7ac2-ae88-4b47-a804-6d8b1bed62b9
15,7,TRUE,Alya Latuconsina,alylat@mail.com,Plantation - DWT,Plantation - DWT,L2,Bella Wicaksono,7,Operation Kaltim 2,https://u5zawtn8fc2eywx0.public.blob.vercel-storage.com/perempuan/perempuan_002-18.png,Perempuan,Depok,Belum Menikah,S1,Yes,,,,,,,,88,87,114,90,4.1,4,4.2,3.5,4.9,4.2,3.8,4.7,84,4.3,86.18,03c6ea8b-031c-4e4d-a379-4208f93a9e2c
16,7,TRUE,Wahyu Habibi,wahhab@mail.com,Plantation - KPS,Plantation - KPS,L2,Bella Wicaksono,7,Operation Kaltim 2,https://u5zawtn8fc2eywx0.public.blob.vercel-storage.com/laki/Frame%2046.png,Laki-laki,Tangerang,Menikah,S1,No,,,,,,,,86,88,115,86,3.5,4.3,4.5,4,4,4.5,4.4,4.2,81,04.09,91.9,a0233b52-460f-44b2-a8d5-805e089291b9
17,8,TRUE,Ivan Hutagalung,ivahut@mail.com,Plantation BPN,Plantation BPN,L2,Ferry Gultom,8,Operation Kaltim 3,https://u5zawtn8fc2eywx0.public.blob.vercel-storage.com/laki/Frame%2058.png,Laki-laki,Jakarta,Menikah,S1,No,,,,,,,,62,73,115,76,4.2,3.7,3.2,3.9,4.6,3.2,4,4.1,69,3.44,76.03,723a6c0e-84d7-4fc0-9a37-6331c5f50f41
18,8,TRUE,Miko Nugraha,miknug@mail.com,Plantation BAS,Plantation BAS,L2,Ferry Gultom,8,Operation Kaltim 3,https://u5zawtn8fc2eywx0.public.blob.vercel-storage.com/laki/Frame%2026.png,Laki-laki,Depok,Menikah,S1,No,,,,,,,,84,81,117,76,4.4,4.6,4.6,3.9,3.6,3.6,4.8,4.4,83,4.18,79.35,e18b52e8-85b0-4c62-9356-a80df2017144
19,2,TRUE,Indah Wahyudi,indwah@mail.com,Plantation Kalteng PWP,Plantation Kalteng PWP,L2,Bintang Zulkarnain,2,Operation Area 2,https://u5zawtn8fc2eywx0.public.blob.vercel-storage.com/perempuan/perempuan_002-6.png,Perempuan,Semarang,Belum Menikah,SMA,No,,,,,,,,71,74,124,74,3.4,4.5,4.9,4.7,3.6,4.5,3.1,3.8,67,4.62,99.85,0f0fee6b-b36d-47d2-b7f3-cd339e6d9ed8
20,9,TRUE,Nita Haryono,nithar@mail.com,Plantation AAN,Plantation AAN,L2,Kartika Koswara,9,Operation Kalbar 1,https://u5zawtn8fc2eywx0.public.blob.vercel-storage.com/perempuan/perempuan_007.png,Perempuan,Palembang,Menikah,S1,No,,,,,,,,70,55,117,42,4.3,4.3,3.2,5,4.2,3.4,3.2,3.2,70,03.01,89.5,9417eb96-b455-46c7-8674-570f14edb3d7
21,9,TRUE,Dimas Koswara,dimkos@mail.com,Plantation MNS,Plantation MNS,L2,Kartika Koswara,9,Operation Kalbar 1,https://u5zawtn8fc2eywx0.public.blob.vercel-storage.com/laki/Frame%2041.png,Laki-laki,Semarang,Menikah,S1,No,,,,,,,,60,49,109,42,3.5,3.4,3.1,3.6,5,3.3,4.2,3,51,4.61,83.14,3d7b3e91-fa76-4eb3-9ebe-f13c3c04f7e0
22,3,TRUE,Vivi Gunawan,vivgun@mail.com,Service & Maintenance,Service & Maintenance,L2,Ezra Rahayu,3,Heavy Equipment & Infrastructure - GUN,https://u5zawtn8fc2eywx0.public.blob.vercel-storage.com/perempuan/perempuan_002-27.png,Perempuan,Makassar,Menikah,S1,No,,,,,,,,78,69,117,56,4,3.4,3.6,4.2,4,4.1,3.1,3.6,71,4.4,85.53,dd3c4455-d47e-4ab6-9379-13466510ea65
23,3,TRUE,Bayu Saputra,baysap@mail.com,Heavy Equipment & Infrastructure,Heavy Equipment & Infrastructure,L2,Ezra Rahayu,3,Heavy Equipment & Infrastructure - GUN,https://u5zawtn8fc2eywx0.public.blob.vercel-storage.com/laki/Frame%2056.png,Laki-laki,Bandung,Menikah,S1,No,,,,,,,,86,78,119,66,4.8,3,4.4,4.2,3.3,4.9,3.6,4.6,72,3.68,73.63,037c403b-f136-4426-8be9-e0a9e2f49c26
24,11,TRUE,Valent Nasution,valnas@mail.com,HC Service & Talent Acquisition,HC Service & Talent Acquisition,L2,Qorina Indrayana,11,Human Capital,https://u5zawtn8fc2eywx0.public.blob.vercel-storage.com/laki/Frame%2054.png,Laki-laki,Palembang,Belum Menikah,SMA,No,,,,,,,,79,68,130,56,4.7,3.5,4.9,4.5,4.1,4.1,4.3,4.2,77,3.31,76.74,7bc08f52-6700-44b7-9e01-7a4d71f82c40
25,11,TRUE,Widya Adiputra,widadi@mail.com,HC Development,HC Development,L2,Qorina Indrayana,11,Human Capital,https://u5zawtn8fc2eywx0.public.blob.vercel-storage.com/perempuan/perempuan_002-24.png,Perempuan,Makassar,Menikah,S1,No,,,,,,,,60,47,123,36,3.2,4,3.8,4.9,3.7,4.8,4.1,4.7,55,4.91,80.14,89fcaaf2-f35a-4843-a71b-2650d36b6ca7
26,11,TRUE,Yasmin Haryono,yashar@mail.com,HC System & Improvement,HC System & Improvement,L2,Qorina Indrayana,11,Human Capital,https://u5zawtn8fc2eywx0.public.blob.vercel-storage.com/perempuan/perempuan_002-19.png,Perempuan,Tangerang,Menikah,S1,No,,,,,,,,67,67,121,52,3.8,4.7,4.4,3.4,4.1,4.7,3.7,4.8,76,3.67,87.65,be15f66d-bbba-45d5-9381-9811c4101a86
27,5,TRUE,Umi Rachman,umirac@mail.com,"CSR Area Kaltim 1,2, Kaltara","CSR Area Kaltim 1,2, Kaltara",L2,Kartika Rizky,5,CSR & Legal,https://u5zawtn8fc2eywx0.public.blob.vercel-storage.com/perempuan/perempuan_002-1.png,Perempuan,Solo,Belum Menikah,SMA,No,,,,,,,,64,51,110,34,3.6,3.1,3.2,3.4,4.1,3.5,5,3.2,64,3.19,76.9,6014b50c-1319-4989-ae9b-4cfacc09ca07
28,5,TRUE,Fira Dirgantara,firdir@mail.com,CSR Area Kaltim 3 & PUL,CSR Area Kaltim 3 & PUL,L2,Kartika Rizky,5,CSR & Legal,https://u5zawtn8fc2eywx0.public.blob.vercel-storage.com/perempuan/perempuan_002-4.png,Perempuan,Jakarta,Belum Menikah,S1,No,,,,,,,,77,62,114,38,3,3.8,4.4,4.3,3.9,4.6,4.1,4.7,87,3.19,76.61,36c2a6ac-5f34-4643-8c1f-a4c4d8ba958a
29,12,TRUE,VACANT,,Estate Jabdan 1,Estate Jabdan 1,L3,Ilyas Dirgantara,12,Plantation - SWA,,,,,,,,,,,,,,,,,,,,,,,,,,,,,5b87e6e4-8a22-443b-878a-51ac61436010
30,12,TRUE,PERIANTO,perianto@dsngroup.co.id,Estate Jabdan 2,Estate Head Jabdan 2,L3,Ilyas Dirgantara,12,Plantation - SWA,https://u5zawtn8fc2eywx0.public.blob.vercel-storage.com/laki/Frame%2031.png,Laki-laki,Denpasar,Belum Menikah,S1,No,,,,,,,,87,76,126,54,3,2,3,2,2,3,3,3,85,03.07,78.85,5fd3117c-5241-4891-b6d1-a0622019efce
31,12,TRUE,VACANT,,Estate Long Jenew 1,Estate Long Jenew 1,L3,Ilyas Dirgantara,12,Plantation - SWA,,,,,,No,,,,,,,,,,,,,,,,,,,,,,,23999a94-7be7-4d61-b579-156bd2f3a7bc
32,12,TRUE,VACANT,,Estate Long Jenew 2,Estate Long Jenew 2,L3,Ilyas Dirgantara,12,Plantation - SWA,,,,,,No,,,,,,,,,,,,,,,,,,,,,,,d9209caf-d1dc-46a6-94dc-cffa880cc163
33,12,TRUE,VACANT,,Estate Kemitraan SWA,Estate Kemitraan SWA,L3,Ilyas Dirgantara,12,Plantation - SWA,,,,,,No,,,,,,,,,,,,,,,,,,,,,,,560346c9-f44b-4d6d-a9b9-d4eb005788f0
34,13,TRUE,VACANT,,Estate Puhus 1,Estate Puhus 1,L3,Hamid Basuki,13,Plantation - DAN,,,,,,No,,,,,,,,,,,,,,,,,,,,,,,5e518626-99d8-4bde-880e-45bca2a5cae2
35,13,TRUE,KRISTIAN ADINATA GINTING,kristian.adinata@dsngroup.co.id,Estate Puhus 2,Pjs. Estate Head Puhus 2,L3,Hamid Basuki,13,Plantation - DAN,https://u5zawtn8fc2eywx0.public.blob.vercel-storage.com/laki/Frame%2080.png,Laki-laki,Bandung,Belum Menikah,S1,No,,,,,,,,79,69,130,50,3,3,3,2,2,3,2,3,91,2.49,79.49,92227a29-db16-4dea-861c-5c39c3ae1c0b
36,13,TRUE,IRAWADI,irawadi@dsngroup.co.id,Estate Puhus 3,Pjs. Estate Head Puhus 3,L3,Hamid Basuki,13,Plantation - DAN,https://u5zawtn8fc2eywx0.public.blob.vercel-storage.com/perempuan/perempuan_002-5.png,Laki-laki,Bekasi,Belum Menikah,S1,No,,,,,,,,84,76,122,62,3,2,3,2,2,3,3,3,76,2.76,69.87,30decf9e-9175-4e92-8b73-b3f2c6daae1b
37,13,TRUE,VACANT,,Estate Kemitraan 10,Estate Kemitraan 10,L3,Hamid Basuki,13,Plantation - DAN,,,,,,No,,,,,,,,,,,,,,,,,,,,,,,67dcd597-1ea3-47d2-9e5f-2dd8b04f93a3
38,13,TRUE,ANDRYAS MEIRISKA SYAM,andryas.meiriska@dsngroup.co.id,Mill PKS DAN,Mill Head PKS DAN,L3,Hamid Basuki,13,Plantation - DAN,https://u5zawtn8fc2eywx0.public.blob.vercel-storage.com/perempuan/perempuan_002-9.png,Perempuan,Solo,Menikah,S1,No,,,,,,,,85,76,129,58,3,3,3,2,2,3,3,3,85,3.76,85.26,047350da-b53a-4539-8e35-fd201aa4d9f3
39,13,TRUE,JUJUR MARULITUA NABABAN,accounting.whu@dsngroup.co.id,Finance & Accounting Area Kaltim 1,Finance & Accounting Area Kaltim 1 Section Head,L3,Hamid Basuki,13,Plantation - DAN,https://u5zawtn8fc2eywx0.public.blob.vercel-storage.com/laki/Frame%2028.png,Laki-laki,Palembang,Menikah,S1,No,,,,,,,,77,74,127,64,3,2,3,2,2,3,3,3,77,03.09,76.28,9aded75e-e849-420b-8a76-d61cedcbfa6d
40,14,TRUE,SUTRISNO TOGU MAROJAHAN LUMBANTOBING,sutrisno.togu@dsngroup.co.id,Estate Long Kejiak 1,Pjs. ESTATE HEAD LONG KEJIAK 1,L3,Herlin Kurniawan,14,Plantation - DIN,https://u5zawtn8fc2eywx0.public.blob.vercel-storage.com/laki/Frame%2061.png,Laki-laki,Bekasi,Menikah,S1,No,,,,,,,,86,74,117,52,3,2,3,2,2,3,3,3,99,4.1,77.14,dbca6e88-8f40-4530-b24a-8e88b7964856
41,14,TRUE,DEDO HERU SUPRIA LUBIS,dedo.heru@dsngroup.co.id,Estate Long Kejiak 2,ESTATE HEAD LONG KEJIAK 2,L3,Herlin Kurniawan,14,Plantation - DIN,https://u5zawtn8fc2eywx0.public.blob.vercel-storage.com/laki/Frame%2079.png,Laki-laki,Bandung,Belum Menikah,S1,No,,,,,,,,53,48,114,36,3,2,3,3,3,3,2,3,58,2.78,70.51,66ac9be7-0eda-4a8c-b39b-c2e511a64b6d
42,14,TRUE,SIDIQ PAMBUDI,sidiq.pambudi@dsngroup.co.id,Estate Long Kejiak 3,ESTATE HEAD LONG KEJIAK 3,L3,Herlin Kurniawan,14,Plantation - DIN,https://u5zawtn8fc2eywx0.public.blob.vercel-storage.com/laki/Frame%2017.png,Laki-laki,Solo,Belum Menikah,S1,No,,,,,,,,49,47,106,40,3,3,3,3,2,3,2,3,52,3.14,87.82,b455022a-7191-48f2-998b-3f6c66c16d90
43,14,TRUE,VACANT,,Mill PKS DIN,Mill PKS DIN,L3,Herlin Kurniawan,14,Plantation - DIN,,,,,,No,,,,,,,,,,,,,,,,,,,,,,,cb473e47-ce9a-497b-b23c-388f788872dc
44,14,TRUE,VACANT,,Mill PKS DIN 2,Mill PKS DIN 2,L3,Herlin Kurniawan,14,Plantation - DIN,,,,,,No,,,,,,,,,,,,,,,,,,,,,,,1cbc06e1-0b6e-48a9-9b62-407f0bad2015
45,15,TRUE,RD IBNU SANIP,rd.ibnu@dsngroup.co.id,Estate Melenyu 1,ESTATE HEAD MELENYU 1,L3,Alya Latuconsina,15,Plantation - DWT,https://u5zawtn8fc2eywx0.public.blob.vercel-storage.com/laki/Frame%2059.png,Laki-laki,Surabaya,Menikah,S1,No,,,,,,,,79,75,125,62,2,2,3,2,2,3,2,2,67,3.16,75.64,380852b5-a8a7-43e8-a733-50b60fc53eb8
46,15,TRUE,VACANT,,Estate Melenyu 2,Estate Melenyu 2,L3,Alya Latuconsina,15,Plantation - DWT,,,,,,No,,,,,,,,,,,,,4.5,,,,,,,,,,6d6d440f-2004-4bb1-9a91-b9c45a653e48
47,15,TRUE,NARA MARYANTO,nara.maryanto@dsngroup.co.id,Estate Melenyu 3,Pjs. Estate Head Melenyu 3,L3,Alya Latuconsina,15,Plantation - DWT,https://u5zawtn8fc2eywx0.public.blob.vercel-storage.com/laki/Frame%2052.png,Laki-laki,Bogor,Belum Menikah,S1,No,,,,,,,,63,62,112,56,3,3,3,2,2,3,2,3,63,3.18,69.23,6f63105e-f5f5-4e07-b819-5c73124a4ca8
48,15,TRUE,SURYADI,suryadi@dsngroup.co.id,Estate Melenyu 4 & KM DWT,ESTATE HEAD MELENYU 4 & KM DWT,L3,Alya Latuconsina,15,Plantation - DWT,https://u5zawtn8fc2eywx0.public.blob.vercel-storage.com/perempuan/perempuan_002-21.png,Laki-laki,Depok,Belum Menikah,S1,No,,,,,,,,73,72,114,60,3,3,3,2,2,3,3,3,76,2.85,71.79,97179c8e-3ec4-4033-88e2-466c848b8699
49,15,TRUE,VACANT,,Mill PKS DWT,Mill PKS DWT,L3,Alya Latuconsina,15,Plantation - DWT,,,,,,,,,,,,,,,,,,,,,,,,,,,,,cd6b4359-bfd4-4e5d-879f-3a0e705958f7
50,16,TRUE,WAN AULIA AKBAR,wan.aulia@dsngroup.co.id,"Estate Long Teman, KM 13, KM 14 & KM 15","Estate Head Long Teman, KM 13, KM 14 & KM 15",L3,Wahyu Habibi,16,Plantation - KPS,https://u5zawtn8fc2eywx0.public.blob.vercel-storage.com/perempuan/perempuan_002-16.png,Laki-laki,Malang,Belum Menikah,S1,No,,,,,,,,70,65,114,50,3,3,3,2,2,3,2,2,52,3.34,73.72,91785ee0-a329-404e-b5c1-2cb9c163dc5e
51,16,TRUE,JOKO PRASETYO,joko.prasetyo@dsngroup.co.id,"Estate Sungai Wahau, KM 16, KM 19, & KM 20","Pjs. Estate Head Sungai Wahau, KM 16, KM 19, & KM 20",L3,Wahyu Habibi,16,Plantation - KPS,https://u5zawtn8fc2eywx0.public.blob.vercel-storage.com/laki/Frame%2064.png,Laki-laki,Solo,Belum Menikah,S1,No,,,,,,,,74,66,118,56,3,3,3,3,2,3,3,3,61,3.14,85.9,4959b8b8-0d53-4e35-927f-36faa69f6fe6
52,16,TRUE,VACANT,,Estate Kemitraan 9,Estate Kemitraan 9,L3,Wahyu Habibi,16,Plantation - KPS,,,,,,,,,,,,,,,,,,,,,,,,,,,,,326f184d-f13b-42e5-9b60-0fddfd574cd1
53,16,TRUE,ARYADI DAMANIK,aryadi.damanik@dsngroup.co.id,Mill PKS KPS,MILL HEAD PKS KPS,L3,Wahyu Habibi,16,Plantation - KPS,https://u5zawtn8fc2eywx0.public.blob.vercel-storage.com/laki/Frame%2077.png,Laki-laki,Jakarta,Belum Menikah,S1,No,,,,,,,,58,48,126,40,3,2,3,2,2,3,2,3,54,3.32,76.28,155a235a-502f-4099-9d3c-e80c17ab514e
54,16,TRUE,GEDE ARIAWAN,gede.ariawan@dsngroup.co.id,Despatch,DESPATCH SECTION HEAD,L3,Wahyu Habibi,16,Plantation - KPS,https://u5zawtn8fc2eywx0.public.blob.vercel-storage.com/laki/Frame%203.png,Laki-laki,Surabaya,Belum Menikah,D3,No,,,,,,,,66,60,100,44,3,3,3,3,3,3,3,3,66,3.21,80.13,09c40a16-4e04-417d-a3ba-9e28ea8cc34b
55,16,TRUE,HENDRA WIRANATA GINTING,hendra.ginting@dsngroup.co.id,Finance & Accounting Area Kaltim 2,Pjs. Finance & Accounting Area Kaltim 2 Section Head,L3,Wahyu Habibi,16,Plantation - KPS,https://u5zawtn8fc2eywx0.public.blob.vercel-storage.com/laki/Frame%2013.png,Laki-laki,Tangerang,Belum Menikah,S1,No,,,,,,,,55,50,105,32,3,3,3,2,2,3,3,3,57,3.25,73.08,3ca6313c-bd0f-4203-9b66-f470680ccdd1
56,17,TRUE,VACANT,,Estate Tepian Langsat 1,Estate Tepian Langsat 1,L3,Ivan Hutagalung,17,Plantation BPN,,,,,,,,,,,,,,,,,,,,,,,,,,,,,515251b7-0ee8-4bbe-a7c5-43e6a58083a5
57,17,TRUE,VACANT,,Estate Danau Padang 1,Estate Danau Padang 1,L3,Ivan Hutagalung,17,Plantation BPN,,,,,,,,,,,,,,,,,,,,,,,,,,,,,0a3e9d49-eb5d-47ba-9984-b7c7747fbd84
58,17,TRUE,SUPRIADI,supriadi@dsngroup.co.id,Estate Sungai Mangkupa 1,ESTATE HEAD SUNGAI MANGKUPA 1,L3,Ivan Hutagalung,17,Plantation BPN,https://u5zawtn8fc2eywx0.public.blob.vercel-storage.com/laki/Frame%2075.png,Laki-laki,Solo,Belum Menikah,S1,No,,,,,,,,90,78,116,56,3,3,3,2,2,3,3,3,98,03.07,71.15,006f131e-285f-4fb6-9147-86012b8a48ed
59,17,TRUE,VACANT,,Estate Sungai Mangkupa 2,Estate Sungai Mangkupa 2,L3,Ivan Hutagalung,17,Plantation BPN,,,,,,,,,,,,,,,,,,,,,,,,,,,,,f85768a5-7e39-4489-91f0-90b58f1b119e
60,17,TRUE,VACANT,,Mill PKS BPN,Mill PKS BPN,L3,Ivan Hutagalung,17,Plantation BPN,,,,,,,,,,,,,,,,,,,,,,,,,,,,,598ee4e3-ec89-4939-ae51-4a5e1f8b40c8
61,18,TRUE,VACANT,,Estate Baay 1,Estate Baay 1,L3,Miko Nugraha,18,Plantation BAS,,,,,,,,,,,,,,,,,,,,,,,,,,,,,4e9833d5-d248-4d06-840f-b886bdb5e443
62,18,TRUE,JOKO PRATIKTO,joko.pratikto@dsngroup.co.id,Estate Muara Bulan 1,Pjs. Estate Head Muara Bulan 1,L3,Miko Nugraha,18,Plantation BAS,https://u5zawtn8fc2eywx0.public.blob.vercel-storage.com/perempuan/perempuan_002-23.png,Laki-laki,Tangerang,Belum Menikah,S1,No,,,,,,,,80,75,100,54,3,3,3,2,2,3,2,3,79,2.96,83.33,398fb44c-2bc1-4109-962e-b78c9f3e69a7
63,18,TRUE,VACANT,,Mill PKS BAS,Mill PKS BAS,L3,Miko Nugraha,18,Plantation BAS,,,,,,,,,,,,,,,,,,,,,,,,,,,,,ff4ee31b-882c-42a0-9fe2-a0a31571a5e9
64,18,TRUE,NURAFIAT ANWAR,nurafiat.anwar@dsngroup.co.id,Estate Kaltara DIL,ESTATE HEAD KALTARA DIL,L3,Miko Nugraha,18,Plantation BAS,https://u5zawtn8fc2eywx0.public.blob.vercel-storage.com/laki/Frame%2065.png,Laki-laki,Malang,Belum Menikah,S1,No,,,,,,,,70,68,109,56,3,3,3,2,2,3,3,3,47,3.14,71.79,143898bb-fa87-4794-bfc8-e354a580db76
65,18,TRUE,VACANT,,Finance & Accounting BAS,Finance & Accounting BAS,L3,Miko Nugraha,18,Plantation BAS,,,,,,,,,,,,,,,,,,,,,,,,,,,,,90717d08-bbe6-4559-934c-0f57840a0c17
66,19,TRUE,DANI HAMBALI,dani.hambali@dsngroup.co.id,Estate Bukit Pendulangan 1,Estate Head Bukit Pendulangan 1,L3,Indah Wahyudi,19,Plantation Kalteng PWP,https://u5zawtn8fc2eywx0.public.blob.vercel-storage.com/laki/Frame%2012.png,Laki-laki,Makassar,Belum Menikah,D3,No,,,,,,,,90,77,117,50,3,3,3,3,2,3,3,3,84,3.23,83.33,e4520a58-7788-4f58-a7c5-1c77f4408b85
67,19,TRUE,FREDDY EQUANO P.PURBA,freddy.equano@dsngroup.co.id,Estate Bukit Pendulangan 2,Estate Head Bukit Pendulangan 2,L3,Indah Wahyudi,19,Plantation Kalteng PWP,https://u5zawtn8fc2eywx0.public.blob.vercel-storage.com/laki/Frame%2081.png,Laki-laki,Jakarta,Belum Menikah,S1,No,,,,,,,,70,66,122,46,3,2,3,3,2,3,2,3,79,2.8,85.9,3956aa2f-e8ef-472e-8319-156fe82791b6
68,19,TRUE,ZHEVY TEGUH SETIAWAN,zhevy.teguh@dsngroup.co.id,Estate Bukit Pendulangan 3,ESTATE HEAD BUKIT PENDULANGAN 3,L3,Indah Wahyudi,19,Plantation Kalteng PWP,https://u5zawtn8fc2eywx0.public.blob.vercel-storage.com/perempuan/perempuan_002-8.png,Laki-laki,Surabaya,Belum Menikah,S1,No,,,,,,,,56,45,124,32,3,3,3,3,3,3,3,3,49,03.07,87.18,d7f1a8ef-e05c-4c7a-9092-140a68efe013
69,19,TRUE,ANDREAS SEBASTIAN MENIASWARA,andreas.sebastian@dsngroup.co.id,Estate Kemitraan Lamandau,Pjs. Estate Head Kemitraan Lamandau,L3,Indah Wahyudi,19,Plantation Kalteng PWP,https://u5zawtn8fc2eywx0.public.blob.vercel-storage.com/laki/Frame%2049.png,Laki-laki,Tangerang,Belum Menikah,SMA,No,,,,,,,,60,52,128,46,3,3,3,3,2,3,3,3,44,3.32,82.05,ec6e722d-8163-4b1c-ab57-5f4830903af1
70,19,TRUE,VACANT,,Mill PKS PWP 1,Mill PKS PWP 1,L3,Indah Wahyudi,19,Plantation Kalteng PWP,,,,,,,,,,,,,,,,,,,,,,,,,,,,,d705eef1-e473-4f12-a7e7-e5a9b6a7eb6c
71,19,TRUE,IBRAHIM LATIEF SIREGAR,ibrahim.latief@dsngroup.co.id,Mill PKS PWP 2,Mill PKS PWP 2,L3,Indah Wahyudi,19,Plantation Kalteng PWP,https://u5zawtn8fc2eywx0.public.blob.vercel-storage.com/laki/Frame%2011.png,Laki-laki,Malang,Belum Menikah,SMA,No,,,,,,,,66,64,105,40,4.8,4.3,4.4,4.3,4.7,4.3,4.8,4.2,73,3.73,91.87,04afca0b-3626-417a-8a04-813c9d735211
72,19,TRUE,VACANT,,Finance & Accounting Kalteng,Finance & Accounting Kalteng,L3,Indah Wahyudi,19,Plantation Kalteng PWP,,,,,,,,,,,,,,,,,,,,,,,,,,,,,127f1d38-7891-4f2f-9904-3df2c8a97146
73,20,TRUE,VACANT,,Estate Setawar 1 & 2,Estate Setawar 1 & 2,L3,Nita Haryono,20,Plantation AAN,,,,,,,,,,,,,,,,,,,,,,,,,,,,,cf37b689-8db8-4e7d-9a28-7e631e40e799
74,20,TRUE,SAFRIALDI,safrialdi@dsngroup.co.id,Mill PKS AAN,Mill PKS AAN,L3,Nita Haryono,20,Plantation AAN,https://u5zawtn8fc2eywx0.public.blob.vercel-storage.com/perempuan/perempuan_002-22.png,Perempuan,Jakarta,Belum Menikah,SMA,No,,,,,,,,63,57,117,50,3.2,4.9,4.9,3.1,3.9,4.9,3.2,3.4,57,3.53,72.95,a7aea680-977f-4b78-9ba7-9e787111e353
75,10,TRUE,VACANT,,Estate DPS & PSA,Estate DPS & PSA,L3,Maudy Bangun,10,Operation Kalbar 2,,,,,,,,,,,,,,,,,,,,,,,,,,,,,faecb3e3-de32-44cf-a7e8-236810033e68
76,10,TRUE,DEDY PRANDANA,dedy.prandana@dsngroup.co.id,Estate Tempunak KAP,Estate Tempunak KAP,L3,Maudy Bangun,10,Operation Kalbar 2,https://u5zawtn8fc2eywx0.public.blob.vercel-storage.com/laki/Frame%208.png,Laki-laki,Tangerang,Belum Menikah,S1,No,,,,,,,,88,75,126,48,4.8,4.2,4.6,3.6,3.8,3.5,4.5,4,82,4.3,80.18,c2ec4a44-ba3e-4f73-8b0c-7da8b7d3a104
77,22,TRUE,SIGIT,sigit@dsngroup.co.id,Central Workshop,Central Workshop,L3,Vivi Gunawan,22,Service & Maintenance,https://u5zawtn8fc2eywx0.public.blob.vercel-storage.com/laki/Frame%205.png,Laki-laki,Semarang,Belum Menikah,SMA,No,,,,,,,,88,74,129,42,3.8,4.4,4.1,4.5,4.3,3.1,4.6,4.5,95,4.22,95.85,d0ca08ba-9fbc-41bb-812a-1f4aa0b5755a
78,22,TRUE,VACANT,,HE Maintenance,HE Maintenance,L3,Vivi Gunawan,22,Service & Maintenance,,,,,,,,,,,,,,91,,,,,,,,,,,,,,,b47bb477-fd54-4858-bfda-cbb7fdde0d02
79,23,TRUE,VACANT,,HE Operation Area Kaltim & Kaltara,HE Operation Area Kaltim & Kaltara,L3,Bayu Saputra,23,Heavy Equipment & Infrastructure,,,,,,,,,,,,,,80,,,,,,,,,,,,,,,61235ec8-5a69-4f50-bf7e-db443c0f47d2
80,23,TRUE,MURSYID,mursyid@dsngroup.co.id,HE Operation Area Kalteng & Kalbar,HE Operation Area Kalteng & Kalbar,L3,Bayu Saputra,23,Heavy Equipment & Infrastructure,https://u5zawtn8fc2eywx0.public.blob.vercel-storage.com/perempuan/perempuan_003.png,Perempuan,Makassar,Belum Menikah,SMA,No,,,,,,,,53,49,110,38,4.9,4.1,4.5,3.2,4.9,4.8,4.1,4.8,65,3.33,83.46,926874a4-3c2f-4315-9a9b-b9db2dfd3453
81,23,TRUE,EKO PRASETYO,eko.prasetyo@dsngroup.co.id,Sipil & Infrastructure Area Kaltim & Kaltara,Sipil & Infrastructure Area Kaltim & Kaltara,L3,Bayu Saputra,23,Heavy Equipment & Infrastructure,https://u5zawtn8fc2eywx0.public.blob.vercel-storage.com/laki/Frame%2062.png,Laki-laki,Jakarta,Belum Menikah,SMA,No,,,,,,,,70,57,114,44,4.7,4.8,3.5,4.4,3.7,3.4,3.7,4.1,60,3.76,82.66,82528e76-6341-4766-83a8-3fcc32fa035a
82,25,TRUE,YANI SAPTONO,yani.saptono@dsngroup.co.id,Learning Center,Learning Center,L3,Widya Adiputra,25,HC Development,https://u5zawtn8fc2eywx0.public.blob.vercel-storage.com/laki/Frame%2019.png,Laki-laki,Surabaya,Belum Menikah,SMA,No,,,,,,,,89,77,119,50,5,4.5,4.7,4.4,4.4,3.1,3.2,4.3,99,4.98,78.36,32f4840a-7d17-4501-a388-167a54094246
83,27,TRUE,TAUFIK ARBUDI,taufik.arbudi@dsngroup.co.id,Relation Development Kaltim 1 & 2,Relation Development Kaltim 1 & 2,L3,Umi Rachman,27,"CSR Area Kaltim 1,2, Kaltara",https://u5zawtn8fc2eywx0.public.blob.vercel-storage.com/laki/Frame%2015.png,Laki-laki,Tangerang,Belum Menikah,SMA,No,,,,,,,,62,58,122,48,4.6,3.9,4.7,4.9,4.3,4.6,3.7,4.2,62,4.28,77.49,5a4093a3-a74f-4058-b531-ab31de616a33
84,27,TRUE,VACANT,,Sustainability Operation Kaltim 1 & 2,Sustainability Operation Kaltim 1 & 2,L3,Umi Rachman,27,"CSR Area Kaltim 1,2, Kaltara",,,,,,,,,,,,,,,,,,,,,,,,,,,,,d774c569-5e99-4e9f-8420-9f440a55029a
85,27,TRUE,VACANT,,Community Development Kaltim 1 & 2,Community Development Kaltim 1 & 2,L3,Umi Rachman,27,"CSR Area Kaltim 1,2, Kaltara",,,,,,,,,,,,,,,,,,,,,,,,,,,,,0addbeee-b34c-46db-be2c-273cdc6979d7
86,27,TRUE,VACANT,,Kemitraan & Bina Koperasi Kaltim 1 & 2,Kemitraan & Bina Koperasi Kaltim 1 & 2,L3,Umi Rachman,27,"CSR Area Kaltim 1,2, Kaltara",,,,,,,,,,,,,,,,,,,,,,,,,,,,,6b95903f-ce23-4486-a60a-58469ed0c759
87,28,TRUE,MOCHAMMAD SAHAL FIRDAUS,sahal.firdaus@dsngroup.co.id,CSR Operation BAS,CSR Operation BAS,L3,Fira Dirgantara,28,CSR Area Kaltim 3 & PUL,https://u5zawtn8fc2eywx0.public.blob.vercel-storage.com/laki/Frame%2042.png,Laki-laki,Makassar,Belum Menikah,SMA,No,,,,,,,,69,60,107,34,3.7,4.5,3.9,3.1,3.8,3.3,4.4,3.1,76,4.55,86.51,fd683347-d8b9-4b6b-92cb-d2d8c3a8310a
88,28,TRUE,PANDU SATRIA WIBOWO,pandu.sw@dsngroup.co.id,CSR Operation BPN,CSR Operation BPN,L3,Fira Dirgantara,28,CSR Area Kaltim 3 & PUL,https://u5zawtn8fc2eywx0.public.blob.vercel-storage.com/laki/Frame%2033.png,Laki-laki,Jakarta,Belum Menikah,SMA,No,,,,,,,,78,68,112,52,4.9,4,4.2,3.9,3.6,4.9,4.9,3.9,68,3.46,71.52,c6c03817-ca97-4f36-a6f4-9fdfa09d92f9
89,28,TRUE,VACANT,,Sustainaility Operation Kaltim 3,Sustainaility Operation Kaltim 3,L3,Fira Dirgantara,28,CSR Area Kaltim 3 & PUL,,,,,,,,,,,,,,,,,,,,,,,,,,,,,71113e8e-2622-4292-a44a-c9ff4f8ff5dc
90,29,TRUE,Gilang Pardosi,gilpar@mail.com,Asisten Kepala Jabdan 1,Asisten Kepala Jabdan 1,L4,,29,Estate Jabdan 1,https://u5zawtn8fc2eywx0.public.blob.vercel-storage.com/laki/Frame%2072.png,Laki-laki,Tangerang,Belum Menikah,SMA,No,,,,,,,,74,67,120,46,4.7,3.5,3.1,3.5,4.5,4,3.7,3.5,86,3.63,95.08,d774a94c-99b7-4d62-864d-fc40c525672d
91,30,TRUE,Brilian Efendi,briefe@mail.com,Asisten Kepala Jabdan 2,Asisten Kepala Jabdan 2,L4,PERIANTO,30,Estate Head Jabdan 2,https://u5zawtn8fc2eywx0.public.blob.vercel-storage.com/laki/Frame%2060.png,Laki-laki,Semarang,Belum Menikah,SMA,No,,,,,,,,84,71,125,46,4.6,3.2,4.7,3.2,4.7,3.2,4.2,3.1,75,3.54,99.07,5ad5e55a-4520-40be-8f6f-21cb9358b853
92,31,TRUE,Gita Lumban Tobing,gitlum@mail.com,Asisten Kepala Long Jenew 1,Asisten Kepala Long Jenew 1,L4,,31,Estate Long Jenew 1,https://u5zawtn8fc2eywx0.public.blob.vercel-storage.com/perempuan/perempuan_006.png,Perempuan,Malang,Belum Menikah,SMA,No,,,,,,,,41,37,127,32,3.5,3.6,3.4,4.9,3.1,4.8,3.4,4,40,3.42,97.79,07dda398-7628-4c97-8e3c-e6f560cc6981
93,32,TRUE,Yoga Firmansyah,yogfir@mail.com,Asisten Kepala Long Jenew 2,Asisten Kepala Long Jenew 2,L4,,32,Estate Long Jenew 2,https://u5zawtn8fc2eywx0.public.blob.vercel-storage.com/laki/Frame%2030.png,Laki-laki,Solo,Belum Menikah,S1,No,,,,,,,,61,53,100,32,4.6,3.5,3.4,4.7,3.1,3.3,4.3,3.6,72,4.89,95.46,d64f70dd-e378-4d7d-961c-9027f2ddb2eb
94,33,TRUE,Rizal Hidayat,rizhid@mail.com,Asisten Kepala Kemitraan SWA,Asisten Kepala Kemitraan SWA,L4,,33,Estate Kemitraan SWA,https://u5zawtn8fc2eywx0.public.blob.vercel-storage.com/laki/Frame%2020.png,Laki-laki,Makassar,Belum Menikah,SMA,No,,,,,,,,63,62,105,46,3.2,3.6,4.6,4.2,4.3,3.9,3.4,3.9,70,4.75,74.99,9a817acf-dd7a-4d88-bcad-5b0560e06e0f
95,34,TRUE,Valent Darmawan,valdar@mail.com,Asisten Kepala Puhus 1,Asisten Kepala Puhus 1,L4,,34,Estate Puhus 1,https://u5zawtn8fc2eywx0.public.blob.vercel-storage.com/laki/Frame%2036.png,Laki-laki,Jakarta,Belum Menikah,SMA,No,,,,,,,,87,74,108,54,4.7,4.1,3.7,4.9,4.8,4.3,3.2,3.1,85,3.63,84.57,e0231b57-ea96-4339-91cd-cf36ad4a54dd
96,35,TRUE,Agus Pramono,agupra@mail.com,Asisten Kepala Puhus 2,Asisten Kepala Puhus 2,L4,KRISTIAN ADINATA GINTING,35,Pjs. Estate Head Puhus 2,https://u5zawtn8fc2eywx0.public.blob.vercel-storage.com/laki/Frame%206.png,Laki-laki,Surabaya,Belum Menikah,SMA,No,,,,,,,,58,43,113,38,4.7,3.3,4.8,5,5,4.5,4.7,4.7,50,4.31,76.41,126e2159-d02f-4d5e-8d75-00ddf4ee12a8
97,36,TRUE,Endra Hartono,endhar@mail.com,Asisten Kepala Puhus 3,Asisten Kepala Puhus 3,L4,IRAWADI,36,Pjs. Estate Head Puhus 3,https://u5zawtn8fc2eywx0.public.blob.vercel-storage.com/laki/Frame%2068.png,Laki-laki,Tangerang,Belum Menikah,SMA,No,,,,,,,,86,73,118,50,3.4,3.5,4.4,4.3,4.5,4.9,3.7,3.2,86,3.79,82.03,46b11569-e339-4d9f-b6b8-52b4ec775166
98,37,TRUE,Vivi Oetomo,vivoet@mail.com,Asisten Kepala Kemitraan DAN,Asisten Kepala Kemitraan DAN,L4,,37,Estate Kemitraan 10,https://u5zawtn8fc2eywx0.public.blob.vercel-storage.com/perempuan/perempuan_002-28.png,Perempuan,Semarang,Belum Menikah,S1,No,,,,,,,,84,70,120,48,4.6,4.4,3.6,3.5,3.9,3.8,4.5,4.7,81,4.83,71.76,3cead7a8-0a75-4488-b6f2-0339a2cc9dca
99,38,TRUE,Faisal Permana,faiper@mail.com,Asisten Kepala PKS DAN,Asisten Kepala PKS DAN,L4,ANDRYAS MEIRISKA SYAM,38,Mill Head PKS DAN,https://u5zawtn8fc2eywx0.public.blob.vercel-storage.com/laki/Frame%2051.png,Laki-laki,Malang,Belum Menikah,S1,No,,,,,,,,64,44,124,24,3.9,4.4,3,3.1,3.2,4.5,4.1,4.7,57,3.92,81.37,b0bf4d8a-04ab-4d6f-a401-76b4902f4553
100,40,TRUE,Heru Suryadi,hersur@mail.com,Asisten Kepala Long Kejiak 1,Asisten Kepala Long Kejiak 1,L4,SUTRISNO TOGU MAROJAHAN LUMBANTOBING,40,Pjs. ESTATE HEAD LONG KEJIAK 1,https://u5zawtn8fc2eywx0.public.blob.vercel-storage.com/laki/Frame%2045.png,Laki-laki,Solo,Belum Menikah,SMA,No,,,,,,,,71,65,129,46,3.6,3.1,4.9,4.5,4.3,3.3,4.6,4.2,77,3.53,99.56,a7338ded-03de-477d-9c23-645bdca9701d
101,41,TRUE,Kevin Atmaja,kevatm@mail.com,Asisten Kepala Long Kejiak 2,Asisten Kepala Long Kejiak 2,L4,DEDO HERU SUPRIA LUBIS,41,ESTATE HEAD LONG KEJIAK 2,https://u5zawtn8fc2eywx0.public.blob.vercel-storage.com/laki/Frame%2018.png,Laki-laki,Makassar,Belum Menikah,SMA,No,,,,,,,,79,75,101,54,4.6,3.8,3.2,3.9,4.7,3.8,4.7,4,87,3.49,77.96,00d239a8-7095-48a5-8a1f-1b6d04252a8d
102,42,TRUE,Wahyu Gultom,wahgul@mail.com,Asisten Kepala Long Kejiak 3,Asisten Kepala Long Kejiak 3,L4,SIDIQ PAMBUDI,42,ESTATE HEAD LONG KEJIAK 3,https://u5zawtn8fc2eywx0.public.blob.vercel-storage.com/laki/Frame%2063.png,Laki-laki,Jakarta,Belum Menikah,S1,No,,,,,,,,58,59,106,42,3.5,4.1,4.4,4.3,3.9,3.2,4.9,3.9,68,4.12,93.52,8efaf118-0aa0-453d-95be-14e5be4e47fe
103,42,TRUE,Muhammad Budiman,muhbud@mail.com,Asisten Kepala Kemitraan DIN,Asisten Kepala Kemitraan DIN,L4,SIDIQ PAMBUDI,42,ESTATE HEAD LONG KEJIAK 3,https://u5zawtn8fc2eywx0.public.blob.vercel-storage.com/laki/Frame%2047.png,Laki-laki,Surabaya,Belum Menikah,SMA,No,,,,,,,,59,61,111,50,3,3.8,4,4.8,4.4,4,4.6,4.1,64,3.53,83.65,463f4ab0-1cee-4d36-bb6a-3b35a674808a
104,43,TRUE,Feby Wijaya,febwij@mail.com,Asisten Kepala PKS DIN,Asisten Kepala PKS DIN,L4,,43,Mill PKS DIN,https://u5zawtn8fc2eywx0.public.blob.vercel-storage.com/perempuan/perempuan_002-2.png,Perempuan,Tangerang,Belum Menikah,SMA,No,,,,,,,,75,68,113,44,3.4,3.4,4.5,3.4,4.8,3.8,4.2,4.6,63,4.17,82.69,4a839e4f-7c82-4264-a869-ff006be1d8d2
105,44,TRUE,Kamal Butarbutar,kambut@mail.com,Asisten Kepala PKS DIN 2,Asisten Kepala PKS DIN 2,L4,,44,Mill PKS DIN 2,https://u5zawtn8fc2eywx0.public.blob.vercel-storage.com/laki/Frame%2037.png,Laki-laki,Semarang,Belum Menikah,SMA,No,,,,,,,,70,59,117,36,3.7,3.8,4.4,4.2,3.1,4.9,4.3,4.8,63,4.8,98.72,fc1a38b5-f3f8-44e5-87a9-63657104942d
106,45,TRUE,Arman Rahayu,armrah@mail.com,Asisten Kepala Melenyu 1,Asisten Kepala Melenyu 1,L4,RD IBNU SANIP,45,ESTATE HEAD MELENYU 1,https://u5zawtn8fc2eywx0.public.blob.vercel-storage.com/laki/Frame%2016.png,Laki-laki,Malang,Belum Menikah,S1,No,,,,,,,,86,71,122,40,4.7,4.8,4.3,4.3,4.6,3.1,3.1,3.9,99,3.8,99.86,2c007984-d16c-47b0-b4ff-bbcf4d151763
107,46,TRUE,Omar Lestari,omales@mail.com,Asisten Kepala Melenyu 2,Asisten Kepala Melenyu 2,L4,,46,Estate Melenyu 2,https://u5zawtn8fc2eywx0.public.blob.vercel-storage.com/laki/Frame%2050.png,Laki-laki,Solo,Belum Menikah,S1,No,,,,,,,,50,43,125,28,4.9,4.2,4,4,3.6,3.7,4.9,4.6,41,3.44,86.67,2570fd99-66e9-40bc-bf02-a0ccca2aa4df
108,47,TRUE,Chandra Efendi,chaefe@mail.com,Asisten Kepala Melenyu 3,Asisten Kepala Melenyu 3,L4,NARA MARYANTO,47,Pjs. Estate Head Melenyu 3,https://u5zawtn8fc2eywx0.public.blob.vercel-storage.com/laki/Frame%2074.png,Laki-laki,Makassar,Belum Menikah,SMA,No,,,,,,,,76,65,130,38,3.6,4.4,4.6,3.2,3.7,3.9,4.7,4.3,88,5,91.55,c2a088bb-97e1-489a-a49a-23c0fb39e5fe
109,48,TRUE,Alif Zubaidi,alizub@mail.com,Asisten Kepala Melenyu 4 & KM DWT,Asisten Kepala Melenyu 4 & KM DWT,L4,SURYADI,48,ESTATE HEAD MELENYU 4 & KM DWT,https://u5zawtn8fc2eywx0.public.blob.vercel-storage.com/laki/Frame%2032.png,Laki-laki,Jakarta,Belum Menikah,SMA,No,,,,,,,,50,43,104,30,4.3,4.7,3.2,3.7,3.3,4.9,3.5,3.6,58,04.02,74.64,c44be561-4c80-402b-ae2b-1e079f86c6ee
110,49,TRUE,Dina Kurniawan,dinkur@mail.com,Asisten Kepala PKS DWT,Asisten Kepala PKS DWT,L4,,49,Mill PKS DWT,https://u5zawtn8fc2eywx0.public.blob.vercel-storage.com/perempuan/perempuan_005.png,Perempuan,Surabaya,Belum Menikah,S1,No,,,,,,,,64,59,106,48,3.8,4.5,3.4,3.7,4.1,4.7,3.4,4,61,3.18,78.9,0206306b-883e-4ae0-80dd-fa794db52cc2
111,53,TRUE,Dimas Basuki,dimbas@mail.com,Asisten Kepala PKS KPS,Asisten Kepala PKS KPS,L4,ARYADI DAMANIK,53,MILL HEAD PKS KPS,https://u5zawtn8fc2eywx0.public.blob.vercel-storage.com/laki/Frame%2039.png,Laki-laki,Tangerang,Belum Menikah,S1,No,,,,,,,,63,54,110,36,5,3.8,4.4,4.3,4.1,3.2,4.4,3.3,62,03.09,99.06,ba686940-e962-4b05-a325-299a6ba4164e
112,56,TRUE,Tito Sasmita,titsas@mail.com,Asisten Kepala Tepian Langsat 1,Asisten Kepala Tepian Langsat 1,L4,,56,Estate Tepian Langsat 1,https://u5zawtn8fc2eywx0.public.blob.vercel-storage.com/laki/Frame%2024.png,Laki-laki,Semarang,Belum Menikah,SMA,No,,,,,,,,89,70,115,38,4.1,3,3.6,4.7,4.6,4.4,3.6,3.1,96,3.22,87.38,a5350863-ee1b-4586-a344-2f370a729ac3
113,57,TRUE,Wisnu Wibowo,wiswib@mail.com,Asisten Kepala Danau Padang 1,Asisten Kepala Danau Padang 1,L4,,57,Estate Danau Padang 1,,Laki-laki,,,,,,,,,,,,,,,,4.9,3.7,4.2,3.7,3.3,4.1,3.7,3.2,,4.25,86.27,
114,58,TRUE,Yoga Simanjuntak,yogsim@mail.com,Asisten Kepala Sungai Mangkupa 1,Asisten Kepala Sungai Mangkupa 1,L4,SUPRIADI,58,ESTATE HEAD SUNGAI MANGKUPA 1,,Laki-laki,,,,,,,,,,,,,,,,3.2,4.5,3.9,4.4,3.2,5,3,4.8,,4.58,92.44,
115,59,TRUE,Sigit Prasetyo,sigpra@mail.com,Asisten Kepala Sungai Mangkupa 2,Asisten Kepala Sungai Mangkupa 2,L4,,59,Estate Sungai Mangkupa 2,,Laki-laki,,,,,,,,,,,,,,,,4.9,4.7,4.1,3.6,4.7,3.7,4.7,3.7,,3.84,71.71,
116,60,TRUE,Citra Saputra,citsap@mail.com,Asisten Kepala PKS BPN,Asisten Kepala PKS BPN,L4,,60,Mill PKS BPN,,Perempuan,,,,,,,,,,,,,,,,3.4,4.9,3.9,4.9,4.2,3.8,4.1,4.4,,3.13,87.53,
117,63,TRUE,Erlangga Butarbutar,erlbut@mail.com,Asisten Kepala PKS BPN,Asisten Kepala PKS BPN,L4,,63,Mill PKS BAS,,Laki-laki,,,,,,,,,,,,,,,,4.9,3.8,4.5,4.6,3.5,3.4,3.8,4,,3.76,85.09,
118,61,TRUE,Ayu Suryadi,ayusur@mail.com,Asisten Kepala Baay 1,Asisten Kepala Baay 1,L4,,61,Estate Baay 1,,Perempuan,,,,,,,,,,,,,,,,3.5,4.5,3.7,4.1,4.8,3.2,3.3,3.3,,4.99,95.58,
119,62,TRUE,Faisal Wahyudi,faiwah@mail.com,Asisten Kepala Muara Bulan 1,Asisten Kepala Muara Bulan 1,L4,JOKO PRATIKTO,62,Pjs. Estate Head Muara Bulan 1,,Laki-laki,,,,,,,,,,,,,,,,3.2,4.1,4.4,3.9,3.3,4.7,4.3,3.5,,04.06,74.72,
120,64,TRUE,Ulfa Irawan,ulfira@mail.com,Asisten Kepala Kemitraan Bulungan 1,Asisten Kepala Kemitraan Bulungan 1,L4,NURAFIAT ANWAR,64,ESTATE HEAD KALTARA DIL,,Perempuan,,,,,,,,,,,,,,,,3.9,4.2,3.5,3.6,3.9,3.9,3.1,3.9,,4.94,98.82,
121,66,TRUE,Shinta Santoso,shisan@mail.com,Asisten Kepala Bukit Pendulangan 1,Asisten Kepala Bukit Pendulangan 1,L4,DANI HAMBALI,66,Estate Head Bukit Pendulangan 1,,Perempuan,,,,,,,,,,,,,,,,4.5,3.4,3.5,3.6,3.5,4.3,4.5,3.9,,4.72,72.4,
122,67,TRUE,Dina Basuki,dinbas@mail.com,Asisten Kepala Bukit Pendulangan 2,Asisten Kepala Bukit Pendulangan 2,L4,FREDDY EQUANO P.PURBA,67,Estate Head Bukit Pendulangan 2,,Perempuan,,,,,,,,,,,,,,,,3.6,3.4,3.2,4.9,3.5,4.3,3.4,4,,03.02,75.57,
123,68,TRUE,Joko Tanjung,joktan@mail.com,Asisten Kepala Bukit Pendulangan 3,Asisten Kepala Bukit Pendulangan 3,L4,ZHEVY TEGUH SETIAWAN,68,ESTATE HEAD BUKIT PENDULANGAN 3,,Laki-laki,,,,,,,,,,,,,,,,4.2,3.9,3.4,3.8,3,4.2,3.8,3.3,,4.44,87.85,
124,69,TRUE,Wisnu Hidayat,wishid@mail.com,Asisten Kepala Kemitraan Lamandau,Asisten Kepala Kemitraan Lamandau,L4,ANDREAS SEBASTIAN MENIASWARA,69,Pjs. Estate Head Kemitraan Lamandau,,Laki-laki,,,,,,,,,,,,,,,,4,3.1,3.2,4,4.6,3,3.7,3.7,,4.36,90.26,
125,70,TRUE,Zidan Fauzan,zidfau@mail.com,Asisten Kepala PKS PWP 1,Asisten Kepala PKS PWP 1,L4,Haris Yanuar,70,Mill PKS PWP 1,,Laki-laki,,,,,,,,,,,,,,,,3.8,3.7,4.1,5,4.8,4.6,3.7,3.6,,04.07,77.06,
126,71,TRUE,Kevin Junaidi,kevjun@mail.com,Asisten Kepala PKS PWP 2,Asisten Kepala PKS PWP 2,L4,Daffa Susanto,71,Mill PKS PWP 2,,Laki-laki,,,,,,,,,,,,,,,,4.2,4.4,4.5,4.3,4.4,3.5,4.4,3.8,,3.53,73.6,
127,73,TRUE,Tommy Zaenuri,tomzae@mail.com,Asisten Kepala Setawar 1,Asisten Kepala Setawar 1,L4,Galih Gunawan,73,Estate Setawar 1 & 2,,Laki-laki,,,,,,,,,,,,,,,,3.5,3.8,3.4,4.1,3.3,3.3,4.6,3.7,,4.28,96.71,
128,73,TRUE,Tari Susanto,tarsus@mail.com,Asisten Kepala Setawar 2,Asisten Kepala Setawar 2,L4,Galih Gunawan,73,Estate Setawar 1 & 2,,Perempuan,,,,,,,,,,,,,,,,4.4,3.3,3.4,3.8,3.9,4.1,4.1,4.2,,3.22,77.39,
129,74,TRUE,Udin Basuki,udibas@mail.com,Asisten Kepala PKS AAN,Asisten Kepala PKS AAN,L4,Oriza Adiputra,74,Mill PKS AAN,,Laki-laki,,,,,,,,,,,,,,,,3,3.9,4,3.4,3.7,3.1,3.2,4.6,,3.87,87.84,
130,75,TRUE,Dani Bangun,danban@mail.com,Asisten Kepala Seibangun,Asisten Kepala Seibangun,L4,Haris Wijaya,75,Estate DPS & PSA,,Laki-laki,,,,,,,,,,,,,,,,4.9,3.3,4.4,3.7,4.2,4.5,3.1,4.3,,3.91,88.58,
131,75,TRUE,Zulfikar Tanjung,zultan@mail.com,Asisten Kepala Jelimpo,Asisten Kepala Jelimpo,L4,Haris Wijaya,75,Estate DPS & PSA,,Laki-laki,,,,,,,,,,,,,,,,4.1,4.2,5,4.5,4.3,3.4,3.3,3.1,,4.91,82.58,
132,76,TRUE,Elina Firmansyah,elifir@mail.com,Asisten Kepala KAP 1,Asisten Kepala KAP 1,L4,Jefri Wicaksono,76,Estate Tempunak KAP,,Perempuan,,,,,,,,,,,,,,,,4.4,3.1,4,4.3,3.8,3.4,4.2,3.2,,4.75,87.51,
133,76,TRUE,Alif Wibowo,aliwib@mail.com,Asisten Kepala KAP 2,Asisten Kepala KAP 2,L4,Jefri Wicaksono,76,Estate Tempunak KAP,,Laki-laki,,,,,,,,,,,,,,,,4.5,3.8,3.6,4.5,3.5,4.7,4.3,4.4,,3.53,85.68,
134,78,TRUE,Putri Valentino,putval@mail.com,Workshop Maintenance,Workshop Maintenance,L4,Ilham Iskandar,78,HE Maintenance,,Perempuan,,,,,,,,,,,,,,,,4.3,4.1,3.2,3.4,4.7,3.7,3.5,3.6,,4,98.04,
135,79,TRUE,Taufik Fauzan,taufau@mail.com,HE Operation Kaltim 1 & 2,HE Operation Kaltim 1 & 2,L4,Vicky Yanuar,79,HE Operation Area Kaltim & Kaltara,,Laki-laki,,,,,,,,,,,,,,,,3.7,3.1,3.4,4.1,3.4,3.3,4.3,4.4,,3.36,76.13,
136,79,TRUE,Ilham Lukito,ilhluk@mail.com,HE Operation Kaltim 3 & Kaltara,HE Operation Kaltim 3 & Kaltara,L4,Vicky Yanuar,79,HE Operation Area Kaltim & Kaltara,,Laki-laki,,,,,,,,,,,,,,,,3.1,4.3,3.5,4.9,3.8,4.8,4,4.3,,4.83,91.49,
137,80,TRUE,Arman Natawijaya,armnat@mail.com,HE Operation Kalteng,HE Operation Kalteng,L4,Tari Tanjung,80,HE Operation Area Kalteng & Kalbar,,Laki-laki,,,,,,,,,,,,,,,,4.3,3.3,3.4,3.9,4,3,3.9,4.8,,4.74,77.16,
138,80,TRUE,Nabil Utama,nabuta@mail.com,HE Operation Kalbar,HE Operation Kalbar,L4,Tari Tanjung,80,HE Operation Area Kalteng & Kalbar,,Laki-laki,,,,,,,,,,,,,,,,3.7,3.9,3,4.4,3.5,4.7,3.5,4.7,,3.6,81.87,
139,83,TRUE,Akbar Indrayana,akbind@mail.com,Relation Development Kaltim 1 & 2,Relation Development Kaltim 1 & 2,L4,Lukman Firmansyah,83,Relation Development Kaltim 1 & 2,,Laki-laki,,,,,,,,,,,,,,,,3.6,3.1,4.1,3.2,4.1,3.3,4.5,3.7,,4.28,90.15,
140,84,TRUE,Yeni Budiman,yenbud@mail.com,Certification & Reporting Kaltim 1 & 2,Certification & Reporting Kaltim 1 & 2,L4,Wahyu Sinaga,84,Sustainability Operation Kaltim 1 & 2,,Perempuan,,,,,,,,,,,,,,,,4.7,3.8,3.5,4.9,4.1,3.3,3.2,4.2,,4.22,79,
141,39,TRUE,Satria Tanjung,sattan@mail.com,Accounting & Tax Staff,Accounting & Tax Staff,L5,JUJUR MARULITUA NABABAN,39,Finance & Accounting Area Kaltim 1 Section Head,,Laki-laki,,,,,,,,,,,,,,,,4.4,3.4,4.9,4.2,5,3.5,3.9,3.3,,3.31,79.49,
142,55,TRUE,Ilyas Yulianto,ilyyul@mail.com,Accounting & Tax Staff,Accounting & Tax Staff,L5,HENDRA WIRANATA GINTING,55,Pjs. Finance & Accounting Area Kaltim 2 Section Head,,Laki-laki,,,,,,,,,,,,,,,,3.6,3.7,4.1,3.5,3.6,3.3,3.6,3.7,,4.53,92.56,
143,50,TRUE,Zaki Koswara,zakkos@mail.com,Asisten Afdeling,Asisten Afdeling,L5,WAN AULIA AKBAR,50,"Estate Head Long Teman, KM 13, KM 14 & KM 15",,Laki-laki,,,,,,,,,,,,,,,,3.6,4.5,4.4,3.3,5,4.3,4.4,4.9,,04.08,72.18,
144,51,TRUE,Daffa Oetomo,dafoet@mail.com,Asisten Afdeling,Asisten Afdeling,L5,JOKO PRASETYO,51,"Pjs. Estate Head Sungai Wahau, KM 16, KM 19, & KM 20",,Laki-laki,,,,,,,,,,,,,,,,3.8,3.8,3.3,4.1,4.3,3.1,4,4.4,,4.56,83.75,
145,52,TRUE,Jabir Darmawan,jabdar@mail.com,Asisten Afdeling,Asisten Afdeling,L5,,52,Estate Kemitraan 9,,Laki-laki,,,,,,,,,,,,,,,,3.8,4.5,4.7,4.1,3.5,3,4.3,3.8,,04.06,99.95,
146,54,TRUE,Icha Irawan,ichira@mail.com,Asisten Station,Asisten Station,L5,GEDE ARIAWAN,54,DESPATCH SECTION HEAD,,Perempuan,,,,,,,,,,,,,,,,3.6,4.7,4,3.2,4.1,4.6,3.1,4.2,,3,99.88,
147,65,TRUE,Ferry Wardana,ferwar@mail.com,Finance & Accounting Staff,Finance & Accounting Staff,L5,,65,Finance & Accounting BAS,,Laki-laki,,,,,,,,,,,,,,,,3.3,3.5,4.7,5,4.4,3.5,3.8,4.9,,3.65,72.2,
148,72,TRUE,Luthfi Situmorang,lutsit@mail.com,Finance & Accounting Staff,Finance & Accounting Staff,L5,Zidan Yanuar,72,Finance & Accounting Kalteng,,Laki-laki,,,,,,,,,,,,,,,,3.8,3.2,4.1,4.8,4.5,3.6,4.2,3.6,,03.04,76.39,
149,77,TRUE,Taufik Rachman,taurac@mail.com,Asisten Engineering,Asisten Engineering,L5,Kamal Lubis,77,Central Workshop,,Laki-laki,,,,,,,,,,,,,,,,4.9,3,3.9,3.9,3.1,3.3,3,3.8,,4.86,77.96,
150,81,TRUE,Wahyu Adiputra,wahadi@mail.com,Asisten Engineering & Infrastructure,Asisten Engineering & Infrastructure,L5,Muhammad Lubis,81,Sipil & Infrastructure Area Kaltim & Kaltara,,Laki-laki,,,,,,,,,,,,,,,,4.4,4.1,3.9,3.2,4.2,3.1,3.6,4.6,,4.76,98,
151,82,TRUE,Edwin Rahayu,edwrah@mail.com,Learning Center Staff,Learning Center Staff,L5,Zulfikar Lubis,82,Learning Center,,Laki-laki,,,,,,,,,,,,,,,,4.8,5,3.4,4.7,4,4.5,3.4,4.6,,4.66,96.43,
152,87,TRUE,Bening Yulianto,benyul@mail.com,CSR Operation Staff,CSR Operation Staff,L5,Endra Purnama,87,CSR Operation BAS,,Perempuan,,,,,,,,,,,,,,,,4.2,3.7,3.1,4,4.8,4.1,3.3,4.3,,3.62,96.38,
153,88,TRUE,Wahyu Indrayana,wahind@mail.com,CSR Operation Staff,CSR Operation Staff,L5,Vinsen Susanto,88,CSR Operation BPN,,Laki-laki,,,,,,,,,,,,,,,,3.6,4.3,4.9,4.4,3.6,4.5,3.5,4.7,,3.12,81.09,
,,,,,,Accounting & Tax Staff,L5,,,,,,,,,,,,,,,,,,,,,,,,,,,,,,,,
,,,,,,Accounting & Tax Staff,L5,,,,,,,,,,,,,,,,,,,,,,,,,,,,,,,,
,,,,,,Accounting & Tax Staff,L5,,,,,,,,,,,,,,,,,,,,,,,,,,,,,,,,
,,,,,,Accounting & Tax Staff,L5,,,,,,,,,,,,,,,,,,,,,,,,,,,,,,,,
,,,,,,Accounting & Tax Staff,L5,,,,,,,,,,,,,,,,,,,,,,,,,,,,,,,,
,,,,,,Accounting & Tax Staff,L5,,,,,,,,,,,,,,,,,,,,,,,,,,,,,,,,
,,,,,,Accounting & Tax Staff,L5,,,,,,,,,,,,,,,,,,,,,,,,,,,,,,,,
,,,,,,Accounting & Tax Staff,L5,,,,,,,,,,,,,,,,,,,,,,,,,,,,,,,,
,,,,,,Accounting & Tax Staff,L5,,,,,,,,,,,,,,,,,,,,,,,,,,,,,,,,
,,,,,,Accounting & Tax Staff,L5,,,,,,,,,,,,,,,,,,,,,,,,,,,,,,,,
,,,,,,Accounting & Tax Staff,L5,,,,,,,,,,,,,,,,,,,,,,,,,,,,,,,,
,,,,,,Asisten Afdeling,L5,,,,,,,,,,,,,,,,,,,,,,,,,,,,,,,,
,,,,,,Asisten Afdeling,L5,,,,,,,,,,,,,,,,,,,,,,,,,,,,,,,,
,,,,,,Asisten Afdeling,L5,,,,,,,,,,,,,,,,,,,,,,,,,,,,,,,,
,,,,,,Asisten Afdeling,L5,,,,,,,,,,,,,,,,,,,,,,,,,,,,,,,,
,,,,,,Asisten Afdeling,L5,,,,,,,,,,,,,,,,,,,,,,,,,,,,,,,,
,,,,,,Asisten Afdeling,L5,,,,,,,,,,,,,,,,,,,,,,,,,,,,,,,,
,,,,,,Asisten Afdeling,L5,,,,,,,,,,,,,,,,,,,,,,,,,,,,,,,,
,,,,,,Asisten Afdeling,L5,,,,,,,,,,,,,,,,,,,,,,,,,,,,,,,,
,,,,,,Asisten Afdeling,L5,,,,,,,,,,,,,,,,,,,,,,,,,,,,,,,,
,,,,,,Asisten Afdeling,L5,,,,,,,,,,,,,,,,,,,,,,,,,,,,,,,,
,,,,,,Asisten Afdeling,L5,,,,,,,,,,,,,,,,,,,,,,,,,,,,,,,,
,,,,,,Asisten Station,L5,,,,,,,,,,,,,,,,,,,,,,,,,,,,,,,,
,,,,,,Asisten Station,L5,,,,,,,,,,,,,,,,,,,,,,,,,,,,,,,,
,,,,,,Asisten Station,L5,,,,,,,,,,,,,,,,,,,,,,,,,,,,,,,,
,,,,,,Finance & Accounting Staff,L5,,,,,,,,,,,,,,,,,,,,,,,,,,,,,,,,
,,,,,,Finance & Accounting Staff,L5,,,,,,,,,,,,,,,,,,,,,,,,,,,,,,,,
,,,,,,Finance & Accounting Staff,L5,,,,,,,,,,,,,,,,,,,,,,,,,,,,,,,,
,,,,,,Asisten Engineering,L5,,,,,,,,,,,,,,,,,,,,,,,,,,,,,,,,
,,,,,,Asisten Engineering & Infrastructure,L5,,,,,,,,,,,,,,,,,,,,,,,,,,,,,,,,
,,,,,,Learning Center Staff,L5,,,,,,,,,,,,,,,,,,,,,,,,,,,,,,,,
,,,,,,Learning Center Staff,L5,,,,,,,,,,,,,,,,,,,,,,,,,,,,,,,,
,,,,,,CSR Operation Staff,L5,,,,,,,,,,,,,,,,,,,,,,,,,,,,,,,,
,,,,,,CSR Operation Staff,L5,,,,,,,,,,,,,,,,,,,,,,,,,,,,,,,,